,Direct Trust Notification,,,,Da Vinci Notifications,,,,Mapping Notes,,,,,,,,,,,,,,,,,,,,
RM#,Value location in V2,Value Set ID,Code , Description,Value location,Value set link,Code , Description,,,,,,,,,,,,,,,,,,,,,
2,MSH-9.2 = A01 or A03 or A02,LOINC,86530-3 , Visit notification,https://hl7.org/fhir/us/davinci-alerts/2020FEB/StructureDefinition-notifications-messageheader-definitions.html#MessageHeader.event[x]:eventCoding,https://hl7.org/fhir/us/davinci-alerts/2020FEB/ValueSet-notification-event.html,notification-referral,, ,,,,,,,,,,,,,,,,,,,,
3,MSH-9.2 = A01,LOINC,86532-9 , Admission notification,https://hl7.org/fhir/us/davinci-alerts/2020FEB/StructureDefinition-notifications-messageheader-definitions.html#MessageHeader.event[x]:eventCoding,https://hl7.org/fhir/us/davinci-alerts/2020FEB/ValueSet-notification-event.html,notification-admit,,,,,,,,,,,,,,,,,,,,,,
8,MSH-9.2 = A01,LOINC,98141-5 , Emergency department Admission notification,https://hl7.org/fhir/us/davinci-alerts/2020FEB/StructureDefinition-notifications-messageheader-definitions.html#MessageHeader.event[x]:eventCoding,https://hl7.org/fhir/us/davinci-alerts/2020FEB/ValueSet-notification-event.html,notification-admit-er,,,,,,,,,,,,,,,,,,,,,,
5,MSH-9.2 = A01,LOINC,79429-7 , Hospital Admission notification,https://hl7.org/fhir/us/davinci-alerts/2020FEB/StructureDefinition-notifications-messageheader-definitions.html#MessageHeader.event[x]:eventCoding,https://hl7.org/fhir/us/davinci-alerts/2020FEB/ValueSet-notification-event.html,notification-admit-inpatient,,,,,,,,,,,,,,,,,,,,,,
16,MSH-9.2 = A01,LOINC,,,https://hl7.org/fhir/us/davinci-alerts/2020FEB/StructureDefinition-notifications-messageheader-definitions.html#MessageHeader.event[x]:eventCoding,https://hl7.org/fhir/us/davinci-alerts/2020FEB/ValueSet-notification-event.html,notification-admit-forobservation,,"If this is needed in Direct Trust, can consider expanding the value set",,,,,,,,,,,,,,,,,,,,
17,MSH-9.2 = A01,LOINC,,,https://hl7.org/fhir/us/davinci-alerts/2020FEB/StructureDefinition-notifications-messageheader-definitions.html#MessageHeader.event[x]:eventCoding,https://hl7.org/fhir/us/davinci-alerts/2020FEB/ValueSet-notification-event.html,notification-admit-ambulatory , ,"If this is needed in Direct Trust, can consider expanding the value set",,,,,,,,,,,,,,,,,,,,
18,MSH-9.2 = A01,LOINC,,,https://hl7.org/fhir/us/davinci-alerts/2020FEB/StructureDefinition-notifications-messageheader-definitions.html#MessageHeader.event[x]:eventCoding,https://hl7.org/fhir/us/davinci-alerts/2020FEB/ValueSet-notification-event.html,notification-pre-admit,,"If this is needed in Direct Trust, can consider expanding the value set",,,,,,,,,,,,,,,,,,,,
19,MSH-9.2 = A01,LOINC,,,https://hl7.org/fhir/us/davinci-alerts/2020FEB/StructureDefinition-notifications-messageheader-definitions.html#MessageHeader.event[x]:eventCoding,https://hl7.org/fhir/us/davinci-alerts/2020FEB/ValueSet-notification-event.html,notification-admit-short-stay,,"If this is needed in Direct Trust, can consider expanding the value set",,,,,,,,,,,,,,,,,,,,
6,MSH-9.2 = A02,LOINC,79430-5 , Hospital Discharge notification,https://hl7.org/fhir/us/davinci-alerts/2020FEB/StructureDefinition-notifications-messageheader-definitions.html#MessageHeader.event[x]:eventCoding,https://hl7.org/fhir/us/davinci-alerts/2020FEB/ValueSet-notification-event.html,,,"In DaVinci the notifications are not indicating the current treatment facility type/location, but rather the discharge to location - can expand the valueset, since binding is extensible",,,,,,,,,,,,,,,,,,,,
7,MSH-9.2 = A01 or A03,LOINC,80110-0 , Emergency department Visit notification,https://hl7.org/fhir/us/davinci-alerts/2020FEB/StructureDefinition-notifications-messageheader-definitions.html#MessageHeader.event[x]:eventCoding,https://hl7.org/fhir/us/davinci-alerts/2020FEB/ValueSet-notification-event.html,,,"In DaVinci the notifications are not differentiating between visit and admit for ER - can expand the valueset, since binding is extensible",,,,,,,,,,,,,,,,,,,,
10,MSH-9.2 = A10,LOINC,98143-1 , Emergency department Arrival notification,https://hl7.org/fhir/us/davinci-alerts/2020FEB/StructureDefinition-notifications-messageheader-definitions.html#MessageHeader.event[x]:eventCoding,https://hl7.org/fhir/us/davinci-alerts/2020FEB/ValueSet-notification-event.html,,,"In DaVinci the notifications are not differentiating between arrival and admit for ER - can expand the valueset, since binding is extensible",,,,,,,,,,,,,,,,,,,,
,MSH-9.2 = A06,LOINC,,,https://hl7.org/fhir/us/davinci-alerts/2020FEB/StructureDefinition-notifications-messageheader-definitions.html#MessageHeader.event[x]:eventCoding,https://hl7.org/fhir/us/davinci-alerts/2020FEB/ValueSet-notification-event.html,,,,,,,,,,,,,,,,,,,,,,,
11,MSH-9.2 = A09,LOINC,98144-9 , Emergency department Departure notification,https://hl7.org/fhir/us/davinci-alerts/2020FEB/StructureDefinition-notifications-messageheader-definitions.html#MessageHeader.event[x]:eventCoding,https://hl7.org/fhir/us/davinci-alerts/2020FEB/ValueSet-notification-event.html,,,"In DaVinci the notifications are not differentiating between departure and discharge for ER - can expand the valueset, since binding is extensible",,,,,,,,,,,,,,,,,,,,
4,MSH-9.2 = A03,LOINC,86531-1 , Discharge notification,https://hl7.org/fhir/us/davinci-alerts/2020FEB/StructureDefinition-notifications-messageheader-definitions.html#MessageHeader.event[x]:eventCoding,https://hl7.org/fhir/us/davinci-alerts/2020FEB/ValueSet-notification-event.html,notification-discharge,,    ,,,,,,,,,,,,,,,,,,,,
9,MSH-9.2 = A03,LOINC,98142-3 , Emergency department Discharge notification,https://hl7.org/fhir/us/davinci-alerts/2020FEB/StructureDefinition-notifications-messageheader-definitions.html#MessageHeader.event[x]:eventCoding,https://hl7.org/fhir/us/davinci-alerts/2020FEB/ValueSet-notification-event.html,,,"In DaVinci the notifications are not indicating the current treatment facility type/location, but rather the discharge to location - can expand the valueset, since binding is extensible",,,,,,,,,,,,,,,,,,,,
12,MSH-9.2 = A03,LOINC,98145-6 , Outpatient Visit notification,https://hl7.org/fhir/us/davinci-alerts/2020FEB/StructureDefinition-notifications-messageheader-definitions.html#MessageHeader.event[x]:eventCoding,https://hl7.org/fhir/us/davinci-alerts/2020FEB/ValueSet-notification-event.html,notification-outpatient-visit,,,,,,,,,,,,,,,,,,,,,,
13,MSH-9.2 = A03,LOINC,,,https://hl7.org/fhir/us/davinci-alerts/2020FEB/StructureDefinition-notifications-messageheader-definitions.html#MessageHeader.event[x]:eventCoding,https://hl7.org/fhir/us/davinci-alerts/2020FEB/ValueSet-notification-event.html,notification-discharge-home,,"If this is needed in Direct Trust, can consider expanding the value set",,,,,,,,,,,,,,,,,,,,
14,MSH-9.2 = A03,LOINC,,,https://hl7.org/fhir/us/davinci-alerts/2020FEB/StructureDefinition-notifications-messageheader-definitions.html#MessageHeader.event[x]:eventCoding,https://hl7.org/fhir/us/davinci-alerts/2020FEB/ValueSet-notification-event.html,notification-discharge-skilled-nursing,,"If this is needed in Direct Trust, can consider expanding the value set",,,,,,,,,,,,,,,,,,,,
15,MSH-9.2 = A03,LOINC,,,https://hl7.org/fhir/us/davinci-alerts/2020FEB/StructureDefinition-notifications-messageheader-definitions.html#MessageHeader.event[x]:eventCoding,https://hl7.org/fhir/us/davinci-alerts/2020FEB/ValueSet-notification-event.html,notification-discharge-longterm-care,,"If this is needed in Direct Trust, can consider expanding the value set",,,,,,,,,,,,,,,,,,,,
,MSH-9.2 = A03,LOINC,,,https://hl7.org/fhir/us/davinci-alerts/2020FEB/StructureDefinition-notifications-messageheader-definitions.html#MessageHeader.event[x]:eventCoding,https://hl7.org/fhir/us/davinci-alerts/2020FEB/ValueSet-notification-event.html,notification-discharge-desceased,,"If this is needed in Direct Trust, can consider expanding the value set",,,,,,,,,,,,,,,,,,,,
,MSH-9.2 = A03,LOINC,,,https://hl7.org/fhir/us/davinci-alerts/2020FEB/StructureDefinition-notifications-messageheader-definitions.html#MessageHeader.event[x]:eventCoding,https://hl7.org/fhir/us/davinci-alerts/2020FEB/ValueSet-notification-event.html,notification-discharge-rehab,,"If this is needed in Direct Trust, can consider expanding the value set",,,,,,,,,,,,,,,,,,,,
20,PV1-2,http://terminology.hl7.org/2.1.0/ValueSet-v2-0004.html,E , Emergency,https://hl7.org/fhir/us/davinci-alerts/2020FEB/StructureDefinition-admit-discharge-notification-encounter-definitions.html#Encounter.class,https://hl7.org/fhir/R4/v3/ActEncounterCode/vs.html,EMER , emergency,,,,,,,,,,,,,,,,,,,,,
21,PV1-2,http://terminology.hl7.org/2.1.0/ValueSet-v2-0004.html,I , Inpatient,https://hl7.org/fhir/us/davinci-alerts/2020FEB/StructureDefinition-admit-discharge-notification-encounter-definitions.html#Encounter.class,https://hl7.org/fhir/R4/v3/ActEncounterCode/vs.html,IMP , inpatient encounter,,,,,,,,,,,,,,,,,,,,,
22,PV1-2,http://terminology.hl7.org/2.1.0/ValueSet-v2-0004.html,O , Outpatient,https://hl7.org/fhir/us/davinci-alerts/2020FEB/StructureDefinition-admit-discharge-notification-encounter-definitions.html#Encounter.class,https://hl7.org/fhir/R4/v3/ActEncounterCode/vs.html,AMB , ambulatory,,,,,,,,,,,,,,,,,,,,,
23,PV1-2,http://terminology.hl7.org/2.1.0/ValueSet-v2-0004.html,P , Preadmit,https://hl7.org/fhir/us/davinci-alerts/2020FEB/StructureDefinition-admit-discharge-notification-encounter-definitions.html#Encounter.class,https://hl7.org/fhir/R4/v3/ActEncounterCode/vs.html,PRENC , pre-admission,,,,,,,,,,,,,,,,,,,,,
24,PV1-2,http://terminology.hl7.org/2.1.0/ValueSet-v2-0004.html,R , Recurring patient,https://hl7.org/fhir/us/davinci-alerts/2020FEB/StructureDefinition-admit-discharge-notification-encounter-definitions.html#Encounter.class,https://hl7.org/fhir/R4/v3/ActEncounterCode/vs.html,,,"Since binding is extensible, can extend valueset definition to include CHR        : Chronic from https://hl7.org/fhir/R4/v3/ActCode/cs.html#v3-ActCode-_ActMedicalServiceCode",,,,,,,,,,,,,,,,,,,,
25,PV1-2,http://terminology.hl7.org/2.1.0/ValueSet-v2-0004.html,B , Obstetrics,https://hl7.org/fhir/us/davinci-alerts/2020FEB/StructureDefinition-admit-discharge-notification-encounter-definitions.html#Encounter.class,https://hl7.org/fhir/R4/v3/ActEncounterCode/vs.html,,,"Since binding is extensible, can extend valueset definition to include  OBS : Obstetrics from https://hl7.org/fhir/R4/v3/ActCode/cs.html#v3-ActCode-_ActMedicalServiceCode",,,,,,,,,,,,,,,,,,,,
26,PV1-2,http://terminology.hl7.org/2.1.0/ValueSet-v2-0004.html,C , Commercial Account,https://hl7.org/fhir/us/davinci-alerts/2020FEB/StructureDefinition-admit-discharge-notification-encounter-definitions.html#Encounter.class,https://hl7.org/fhir/R4/v3/ActEncounterCode/vs.html,,,Need more information to know how this is used in ADT to find the proper translation,,,,,,,,,,,,,,,,,,,,
27,PV1-2,http://terminology.hl7.org/2.1.0/ValueSet-v2-0004.html,N , Not Applicable,https://hl7.org/fhir/us/davinci-alerts/2020FEB/StructureDefinition-admit-discharge-notification-encounter-definitions.html#Encounter.class,https://hl7.org/fhir/R4/v3/ActEncounterCode/vs.html,,,"Since binding is extensible, can extend valueset definition to include NA : not applicable from https://terminology.hl7.org/CodeSystem-v3-NullFlavor.html",,,,,,,,,,,,,,,,,,,,
28,PV1-2,http://terminology.hl7.org/2.1.0/ValueSet-v2-0004.html,U , Unknown,https://hl7.org/fhir/us/davinci-alerts/2020FEB/StructureDefinition-admit-discharge-notification-encounter-definitions.html#Encounter.class,https://hl7.org/fhir/R4/v3/ActEncounterCode/vs.html,,,"Since binding is extensible, can extend valueset definition to include UNK : unknown from https://terminology.hl7.org/CodeSystem-v3-NullFlavor.html",,,,,,,,,,,,,,,,,,,,
29,PV1-2,http://terminology.hl7.org/2.1.0/ValueSet-v2-0004.html,S , Short Stay,https://hl7.org/fhir/us/davinci-alerts/2020FEB/StructureDefinition-admit-discharge-notification-encounter-definitions.html#Encounter.class,https://hl7.org/fhir/R4/v3/ActEncounterCode/vs.html,SS , short stay,,,,,,,,,,,,,,,,,,,,,
30,PV1-2,http://terminology.hl7.org/2.1.0/ValueSet-v2-0004.html,V , Observation,https://hl7.org/fhir/us/davinci-alerts/2020FEB/StructureDefinition-admit-discharge-notification-encounter-definitions.html#Encounter.class,https://hl7.org/fhir/R4/v3/ActEncounterCode/vs.html,OBSENC , observation encounter,,,,,,,,,,,,,,,,,,,,,
31,PV1-2,http://terminology.hl7.org/2.1.0/ValueSet-v2-0004.html,,,https://hl7.org/fhir/us/davinci-alerts/2020FEB/StructureDefinition-admit-discharge-notification-encounter-definitions.html#Encounter.class,https://hl7.org/fhir/R4/v3/ActEncounterCode/vs.html,VR ,virtual,"If this is needed in Direct Trust, can consider expanding the value set",,,,,,,,,,,,,,,,,,,,
32,PV1-2,http://terminology.hl7.org/2.1.0/ValueSet-v2-0004.html,I , Inpatient,https://hl7.org/fhir/us/davinci-alerts/2020FEB/StructureDefinition-admit-discharge-notification-encounter-definitions.html#Encounter.class,https://hl7.org/fhir/R4/v3/ActEncounterCode/vs.html,ACUTE , inpatient acute,"If this is needed in Direct Trust, can consider expanding the value set",,,,,,,,,,,,,,,,,,,,
33,PV1-2,http://terminology.hl7.org/2.1.0/ValueSet-v2-0004.html,I , Inpatient,https://hl7.org/fhir/us/davinci-alerts/2020FEB/StructureDefinition-admit-discharge-notification-encounter-definitions.html#Encounter.class,https://hl7.org/fhir/R4/v3/ActEncounterCode/vs.html,NONAC , inpatient non-acute,"If this is needed in Direct Trust, can consider expanding the value set",,,,,,,,,,,,,,,,,,,,
34,PV1-2,http://terminology.hl7.org/2.1.0/ValueSet-v2-0004.html,,,https://hl7.org/fhir/us/davinci-alerts/2020FEB/StructureDefinition-admit-discharge-notification-encounter-definitions.html#Encounter.class,https://hl7.org/fhir/R4/v3/ActEncounterCode/vs.html,FLD , field,"If this is needed in Direct Trust, can consider expanding the value set",,,,,,,,,,,,,,,,,,,,
35,PV1-2,http://terminology.hl7.org/2.1.0/ValueSet-v2-0004.html,,,https://hl7.org/fhir/us/davinci-alerts/2020FEB/StructureDefinition-admit-discharge-notification-encounter-definitions.html#Encounter.class,https://hl7.org/fhir/R4/v3/ActEncounterCode/vs.html,HH , home health,"If this is needed in Direct Trust, can consider expanding the value set",,,,,,,,,,,,,,,,,,,,
36,ROL-3,https://terminology.hl7.org/2.1.0/ValueSet-v2-0443.html,AD , Admitting,https://hl7.org/fhir/us/davinci-alerts/2020FEB/StructureDefinition-admit-discharge-notification-encounter-definitions.html#Encounter.class,https://hl7.org/fhir/R4/valueset-encounter-participant-type.html,ADM , admitter,Also in PV1-17 Admitting Doctor in v2,,,,,,,,,,,,,,,,,,,,
37,ROL-3,https://terminology.hl7.org/2.1.0/ValueSet-v2-0443.html,AT , Attending,https://hl7.org/fhir/us/davinci-alerts/2020FEB/StructureDefinition-admit-discharge-notification-encounter-definitions.html#Encounter.class,https://hl7.org/fhir/R4/valueset-encounter-participant-type.html,ATND , attender,Also in PV1-7 Attending Doctor in v2,,,,,,,,,,,,,,,,,,,,
38,ROL-3,https://terminology.hl7.org/2.1.0/ValueSet-v2-0443.html,CP , Consulting Provider,https://hl7.org/fhir/us/davinci-alerts/2020FEB/StructureDefinition-admit-discharge-notification-encounter-definitions.html#Encounter.class,https://hl7.org/fhir/R4/valueset-encounter-participant-type.html,CON , consultant,Also in PV1-9 Consulting Doctor,,,,,,,,,,,,,,,,,,,,
39,ROL-3,https://terminology.hl7.org/2.1.0/ValueSet-v2-0443.html,FHCP , Family Health Care Professional,https://hl7.org/fhir/us/davinci-alerts/2020FEB/StructureDefinition-admit-discharge-notification-encounter-definitions.html#Encounter.class,https://hl7.org/fhir/R4/valueset-encounter-participant-type.html,,,"participant type valueset binding is extensible, so could add in ""FHCP"" from https://terminology.hl7.org/2.1.0/CodeSystem-v2-0443.html",,,,,,,,,,,,,,,,,,,,
40,ROL-3,https://terminology.hl7.org/2.1.0/ValueSet-v2-0443.html,PP , Primary Care Provider,https://hl7.org/fhir/us/davinci-alerts/2020FEB/StructureDefinition-admit-discharge-notification-encounter-definitions.html#Encounter.class,https://hl7.org/fhir/R4/valueset-encounter-participant-type.html,,,"participant type valueset binding is extensible, so could add in ""PP"" from https://terminology.hl7.org/2.1.0/CodeSystem-v2-0443.html",,,,,,,,,,,,,,,,,,,,
41,ROL-3,https://terminology.hl7.org/2.1.0/ValueSet-v2-0443.html,RP , Referring Provider ,https://hl7.org/fhir/us/davinci-alerts/2020FEB/StructureDefinition-admit-discharge-notification-encounter-definitions.html#Encounter.class,https://hl7.org/fhir/R4/valueset-encounter-participant-type.html,REF , referrer,Also in PV1-8 Referring doctor in v2,,,,,,,,,,,,,,,,,,,,
42,ROL-3,https://terminology.hl7.org/2.1.0/ValueSet-v2-0443.html,RT , Referred to Provider,https://hl7.org/fhir/us/davinci-alerts/2020FEB/StructureDefinition-admit-discharge-notification-encounter-definitions.html#Encounter.class,https://hl7.org/fhir/R4/valueset-encounter-participant-type.html,REFT , Referred to,,,,,,,,,,,,,,,,,,,,,
43,ROL-3,https://terminology.hl7.org/2.1.0/ValueSet-v2-0443.html,TF , Treating Facility,https://hl7.org/fhir/us/davinci-alerts/2020FEB/StructureDefinition-admit-discharge-notification-encounter-definitions.html#Encounter.class,https://hl7.org/fhir/R4/valueset-encounter-participant-type.html,LOC , location,TF' is an extension to the base value set in V2,,,,,,,,,,,,,,,,,,,,
44,PID-8,https://terminology.hl7.org/2.1.0/ValueSet-v2-0001.html,F , Female,https://hl7.org/fhir/us/core/STU3.1/StructureDefinition-us-core-patient-definitions.html#Patient.gender,https://hl7.org/fhir/R4/valueset-encounter-participant-type.html,female , Female,,,,,,,,,,,,,,,,,,,,,
45,PID-8,https://terminology.hl7.org/2.1.0/ValueSet-v2-0001.html,M , Male,https://hl7.org/fhir/us/core/STU3.1/StructureDefinition-us-core-patient-definitions.html#Patient.gender,https://hl7.org/fhir/R4/valueset-encounter-participant-type.html,male , Male,,,,,,,,,,,,,,,,,,,,,
46,PID-8,https://terminology.hl7.org/2.1.0/ValueSet-v2-0001.html,O , Other,https://hl7.org/fhir/us/core/STU3.1/StructureDefinition-us-core-patient-definitions.html#Patient.gender,https://hl7.org/fhir/R4/valueset-encounter-participant-type.html,other , Other,,,,,,,,,,,,,,,,,,,,,
47,PID-8,https://terminology.hl7.org/2.1.0/ValueSet-v2-0001.html,U , Unknown,https://hl7.org/fhir/us/core/STU3.1/StructureDefinition-us-core-patient-definitions.html#Patient.gender,https://hl7.org/fhir/R4/valueset-encounter-participant-type.html,unknown , Unknown,,,,,,,,,,,,,,,,,,,,,
48,PID-8,https://terminology.hl7.org/2.1.0/ValueSet-v2-0001.html,A , Ambiguous,https://hl7.org/fhir/us/core/STU3.1/StructureDefinition-us-core-patient-definitions.html#Patient.gender,https://hl7.org/fhir/R4/valueset-encounter-participant-type.html,other , Other,"Since the binding in USCorePatient is required, will have to map to ""other""",,,,,,,,,,,,,,,,,,,,
49,PID-8,https://terminology.hl7.org/2.1.0/ValueSet-v2-0001.html,N , Not Applicable,https://hl7.org/fhir/us/core/STU3.1/StructureDefinition-us-core-patient-definitions.html#Patient.gender,https://hl7.org/fhir/R4/valueset-encounter-participant-type.html,other , Other,"Since the binding in USCorePatient is required, will have to map to ""other""",,,,,,,,,,,,,,,,,,,,
50,PID-8,https://terminology.hl7.org/2.1.0/ValueSet-v2-0001.html,X , Non-Binary,https://hl7.org/fhir/us/core/STU3.1/StructureDefinition-us-core-patient-definitions.html#Patient.gender,https://hl7.org/fhir/R4/valueset-encounter-participant-type.html,other , Other,"Since the binding in USCorePatient is required, will have to map to ""other""",,,,,,,,,,,,,,,,,,,,
51,PID-5.7,https://terminology.hl7.org/5.2.0/ValueSet-v2-0200.html,N , Nickname,https://hl7.org/fhir/us/core/STU3.1/StructureDefinition-us-core-patient-definitions.html#Patient.name.use,https://hl7.org/fhir/R4/valueset-name-use.html,nickname , Nickname,,,,,,,,,,,,,,,,,,,,,
52,PID-5.7,https://terminology.hl7.org/5.2.0/ValueSet-v2-0200.html,D , Customary Name,https://hl7.org/fhir/us/core/STU3.1/StructureDefinition-us-core-patient-definitions.html#Patient.name.use,https://hl7.org/fhir/R4/valueset-name-use.html,usual , Usual,,,,,,,,,,,,,,,,,,,,,
53,PID-5.7,https://terminology.hl7.org/5.2.0/ValueSet-v2-0200.html,L , Official Registry Name,https://hl7.org/fhir/us/core/STU3.1/StructureDefinition-us-core-patient-definitions.html#Patient.name.use,https://hl7.org/fhir/R4/valueset-name-use.html,official , Official,,,,,,,,,,,,,,,,,,,,,
54,PID-5.7,https://terminology.hl7.org/5.2.0/ValueSet-v2-0200.html,TEMP , Temporary Name,https://hl7.org/fhir/us/core/STU3.1/StructureDefinition-us-core-patient-definitions.html#Patient.name.use,https://hl7.org/fhir/R4/valueset-name-use.html,temp , Temp,,,,,,,,,,,,,,,,,,,,,
55,PID-5.7,https://terminology.hl7.org/5.2.0/ValueSet-v2-0200.html,S , Pseudonym,https://hl7.org/fhir/us/core/STU3.1/StructureDefinition-us-core-patient-definitions.html#Patient.name.use,https://hl7.org/fhir/R4/valueset-name-use.html,anonymous , Anonymous,,,,,,,,,,,,,,,,,,,,,
56,PID-5.7,https://terminology.hl7.org/5.2.0/ValueSet-v2-0200.html,BAD , Bad Name,https://hl7.org/fhir/us/core/STU3.1/StructureDefinition-us-core-patient-definitions.html#Patient.name.use,https://hl7.org/fhir/R4/valueset-name-use.html,old, Old,,,,,,,,,,,,,,,,,,,,,
57,PID-5.7,https://terminology.hl7.org/5.2.0/ValueSet-v2-0200.html,M , Maiden Name,https://hl7.org/fhir/us/core/STU3.1/StructureDefinition-us-core-patient-definitions.html#Patient.name.use,https://hl7.org/fhir/R4/valueset-name-use.html,maiden, Name changed for Marriage,,,,,,,,,,,,,,,,,,,,,
58,PID-5.7,https://terminology.hl7.org/5.2.0/ValueSet-v2-0200.html,O , Other,https://hl7.org/fhir/us/core/STU3.1/StructureDefinition-us-core-patient-definitions.html#Patient.name.use,https://hl7.org/fhir/R4/valueset-name-use.html,,,"Not mapable, since binding in USCorePatient is required",,,,,,,,,,,,,,,,,,,,
59,PID-5.7,https://terminology.hl7.org/5.2.0/ValueSet-v2-0200.html,A , Assigned,https://hl7.org/fhir/us/core/STU3.1/StructureDefinition-us-core-patient-definitions.html#Patient.name.use,https://hl7.org/fhir/R4/valueset-name-use.html,,,"Not mapable, since binding in USCorePatient is required",,,,,,,,,,,,,,,,,,,,
60,PID-5.7,https://terminology.hl7.org/5.2.0/ValueSet-v2-0200.html,B , Birth name,https://hl7.org/fhir/us/core/STU3.1/StructureDefinition-us-core-patient-definitions.html#Patient.name.use,https://hl7.org/fhir/R4/valueset-name-use.html,maiden, Name changed for Marriage,,,,,,,,,,,,,,,,,,,,,
61,PID-5.7,https://terminology.hl7.org/5.2.0/ValueSet-v2-0200.html,C , Adopted Name,https://hl7.org/fhir/us/core/STU3.1/StructureDefinition-us-core-patient-definitions.html#Patient.name.use,https://hl7.org/fhir/R4/valueset-name-use.html,official , Official,,,,,,,,,,,,,,,,,,,,,
62,PID-5.7,https://terminology.hl7.org/5.2.0/ValueSet-v2-0200.html,F , Fathers Name,https://hl7.org/fhir/us/core/STU3.1/StructureDefinition-us-core-patient-definitions.html#Patient.name.use,https://hl7.org/fhir/R4/valueset-name-use.html,,,"Not mapable, since binding in USCorePatient is required",,,,,,,,,,,,,,,,,,,,
63,PID-5.7,https://terminology.hl7.org/5.2.0/ValueSet-v2-0200.html,I , Licensing Name,https://hl7.org/fhir/us/core/STU3.1/StructureDefinition-us-core-patient-definitions.html#Patient.name.use,https://hl7.org/fhir/R4/valueset-name-use.html,,,"Not mapable, since binding in USCorePatient is required",,,,,,,,,,,,,,,,,,,,
64,PID-5.7,https://terminology.hl7.org/5.2.0/ValueSet-v2-0200.html,K , Business name,https://hl7.org/fhir/us/core/STU3.1/StructureDefinition-us-core-patient-definitions.html#Patient.name.use,https://hl7.org/fhir/R4/valueset-name-use.html,,,"Not mapable, since binding in USCorePatient is required",,,,,,,,,,,,,,,,,,,,
65,PID-5.7,https://terminology.hl7.org/5.2.0/ValueSet-v2-0200.html,MSK , Masked,https://hl7.org/fhir/us/core/STU3.1/StructureDefinition-us-core-patient-definitions.html#Patient.name.use,https://hl7.org/fhir/R4/valueset-name-use.html,anonymous , Anonymous,,,,,,,,,,,,,,,,,,,,,
66,PID-5.7,https://terminology.hl7.org/5.2.0/ValueSet-v2-0200.html,NAV , Temporarily Unavailable,https://hl7.org/fhir/us/core/STU3.1/StructureDefinition-us-core-patient-definitions.html#Patient.name.use,https://hl7.org/fhir/R4/valueset-name-use.html,,,"Not mapable, since binding in USCorePatient is required",,,,,,,,,,,,,,,,,,,,
67,PID-5.7,https://terminology.hl7.org/5.2.0/ValueSet-v2-0200.html,NB , Newborn Name,https://hl7.org/fhir/us/core/STU3.1/StructureDefinition-us-core-patient-definitions.html#Patient.name.use,https://hl7.org/fhir/R4/valueset-name-use.html,,,"Not mapable, since binding in USCorePatient is required",,,,,,,,,,,,,,,,,,,,
68,PID-5.7,https://terminology.hl7.org/5.2.0/ValueSet-v2-0200.html,NOUSE , No Longer To Be Used,https://hl7.org/fhir/us/core/STU3.1/StructureDefinition-us-core-patient-definitions.html#Patient.name.use,https://hl7.org/fhir/R4/valueset-name-use.html,old, Old,,,,,,,,,,,,,,,,,,,,,
69,PID-5.7,https://terminology.hl7.org/5.2.0/ValueSet-v2-0200.html,P , Name of Partner/Spouse,https://hl7.org/fhir/us/core/STU3.1/StructureDefinition-us-core-patient-definitions.html#Patient.name.use,https://hl7.org/fhir/R4/valueset-name-use.html,,,"Not mapable, since binding in USCorePatient is required",,,,,,,,,,,,,,,,,,,,
70,PID-5.7,https://terminology.hl7.org/5.2.0/ValueSet-v2-0200.html,R , Registered Name,https://hl7.org/fhir/us/core/STU3.1/StructureDefinition-us-core-patient-definitions.html#Patient.name.use,https://hl7.org/fhir/R4/valueset-name-use.html,,,"Not mapable, since binding in USCorePatient is required",,,,,,,,,,,,,,,,,,,,
71,PID-5.7,https://terminology.hl7.org/5.2.0/ValueSet-v2-0200.html,REL , Religious,https://hl7.org/fhir/us/core/STU3.1/StructureDefinition-us-core-patient-definitions.html#Patient.name.use,https://hl7.org/fhir/R4/valueset-name-use.html,,,"Not mapable, since binding in USCorePatient is required",,,,,,,,,,,,,,,,,,,,
72,PID-5.7,https://terminology.hl7.org/5.2.0/ValueSet-v2-0200.html,T , Indigenous/Tribal,https://hl7.org/fhir/us/core/STU3.1/StructureDefinition-us-core-patient-definitions.html#Patient.name.use,https://hl7.org/fhir/R4/valueset-name-use.html,official , Official,,,,,,,,,,,,,,,,,,,,,
73,PID-5.7,https://terminology.hl7.org/5.2.0/ValueSet-v2-0200.html,U , Unknown,https://hl7.org/fhir/us/core/STU3.1/StructureDefinition-us-core-patient-definitions.html#Patient.name.use,https://hl7.org/fhir/R4/valueset-name-use.html,,,"Not mapable, since binding in USCorePatient is required",,,,,,,,,,,,,,,,,,,,
74,PV1-4,"http://terminology.hl7.org/2.1.0/ValueSet-v2-
0007.html",A , Accident,https://hl7.org/fhir/us/davinci-alerts/2020FEB/StructureDefinition-admit-discharge-notification-encounter-definitions.html#Encounter.type,https://hl7.org/fhir/us/core/STU3.1.1/ValueSet-us-core-encounter-type.html,,,"Include codes from AMA (I have no license to see, so could not include) and http: //snomed.info/sct where concept is-a 308335008 (Patient encounter procedure)
Not sure this is the right mapping - concepts seem not alinged
Need to take to PA to find out how folks are currently using https://terminology.hl7.org/5.2.0/CodeSystem-v2-0007.html values - and then decide, if these need to be updated to match what US Core is doing (much more granular)
in CDA use https://vsac.nlm.nih.gov/valueset/2.16.840.1.113883.3.88.12.80.32/expansion/Latest ",,,,,,,,,,,,,,,,,,,,
75,PV1-4,"http://terminology.hl7.org/2.1.0/ValueSet-v2-
0007.html",E , Emergency,https://hl7.org/fhir/us/davinci-alerts/2020FEB/StructureDefinition-admit-discharge-notification-encounter-definitions.html#Encounter.type,https://hl7.org/fhir/us/core/STU3.1.1/ValueSet-us-core-encounter-type.html,4525004,Emergency department patient visit,,,,,,,,,,,,,,,,,,,,,
76,PV1-4,"http://terminology.hl7.org/2.1.0/ValueSet-v2-
0007.html",L , Labor and Delivery,https://hl7.org/fhir/us/davinci-alerts/2020FEB/StructureDefinition-admit-discharge-notification-encounter-definitions.html#Encounter.type,https://hl7.org/fhir/us/core/STU3.1.1/ValueSet-us-core-encounter-type.html,,,"Include codes from AMA (I have no license to see, so could not include) and http: //snomed.info/sct where concept is-a 308335008 (Patient encounter procedure)
Not sure this is the right mapping - concepts seem not alinged
Need to take to PA to find out how folks are currently using https://terminology.hl7.org/5.2.0/CodeSystem-v2-0007.html values - and then decide, if these need to be updated to match what US Core is doing (much more granular)
in CDA use https://vsac.nlm.nih.gov/valueset/2.16.840.1.113883.3.88.12.80.32/expansion/Latest ",,,,,,,,,,,,,,,,,,,,
77,PV1-4,"http://terminology.hl7.org/2.1.0/ValueSet-v2-
0007.html",R , Routine,https://hl7.org/fhir/us/davinci-alerts/2020FEB/StructureDefinition-admit-discharge-notification-encounter-definitions.html#Encounter.type,https://hl7.org/fhir/us/core/STU3.1.1/ValueSet-us-core-encounter-type.html,308335008,Patient encounter procedure,,,,,,,,,,,,,,,,,,,,,
78,PV1-4,"http://terminology.hl7.org/2.1.0/ValueSet-v2-
0007.html",N , Newborn (Birth in healthcare facility),https://hl7.org/fhir/us/davinci-alerts/2020FEB/StructureDefinition-admit-discharge-notification-encounter-definitions.html#Encounter.type,https://hl7.org/fhir/us/core/STU3.1.1/ValueSet-us-core-encounter-type.html,,,"Include codes from AMA (I have no license to see, so could not include) and http: //snomed.info/sct where concept is-a 308335008 (Patient encounter procedure)
Not sure this is the right mapping - concepts seem not alinged
Need to take to PA to find out how folks are currently using https://terminology.hl7.org/5.2.0/CodeSystem-v2-0007.html values - and then decide, if these need to be updated to match what US Core is doing (much more granular)
in CDA use https://vsac.nlm.nih.gov/valueset/2.16.840.1.113883.3.88.12.80.32/expansion/Latest ",,,,,,,,,,,,,,,,,,,,
79,PV1-4,"http://terminology.hl7.org/2.1.0/ValueSet-v2-
0007.html",U , Urgent,https://hl7.org/fhir/us/davinci-alerts/2020FEB/StructureDefinition-admit-discharge-notification-encounter-definitions.html#Encounter.type,https://hl7.org/fhir/us/core/STU3.1.1/ValueSet-us-core-encounter-type.html,,,"Include codes from AMA (I have no license to see, so could not include) and http: //snomed.info/sct where concept is-a 308335008 (Patient encounter procedure)
Not sure this is the right mapping - concepts seem not alinged
Need to take to PA to find out how folks are currently using https://terminology.hl7.org/5.2.0/CodeSystem-v2-0007.html values - and then decide, if these need to be updated to match what US Core is doing (much more granular)
in CDA use https://vsac.nlm.nih.gov/valueset/2.16.840.1.113883.3.88.12.80.32/expansion/Latest ",,,,,,,,,,,,,,,,,,,,
80,PV1-4,"http://terminology.hl7.org/2.1.0/ValueSet-v2-
0007.html",C , Elective,https://hl7.org/fhir/us/davinci-alerts/2020FEB/StructureDefinition-admit-discharge-notification-encounter-definitions.html#Encounter.type,https://hl7.org/fhir/us/core/STU3.1.1/ValueSet-us-core-encounter-type.html,,,"Include codes from AMA (I have no license to see, so could not include) and http: //snomed.info/sct where concept is-a 308335008 (Patient encounter procedure)
Not sure this is the right mapping - concepts seem not alinged
Need to take to PA to find out how folks are currently using https://terminology.hl7.org/5.2.0/CodeSystem-v2-0007.html values - and then decide, if these need to be updated to match what US Core is doing (much more granular)
in CDA use https://vsac.nlm.nih.gov/valueset/2.16.840.1.113883.3.88.12.80.32/expansion/Latest ",,,,,,,,,,,,,,,,,,,,
81,DG1-6,https://terminology.hl7.org/5.2.0/ValueSet-v2-0052.html,A , Admitting,https://hl7.org/fhir/us/davinci-alerts/StructureDefinition-adt-notification-encounter-definitions.html#Encounter.diagnosis.use,http://hl7.org/fhir/R4/valueset-diagnosis-role.html,AD , Admission diagnosis,,,,,,,,,,,,,,,,,,,,,
82,DG1-6,https://terminology.hl7.org/5.2.0/ValueSet-v2-0052.html,W , Working,https://hl7.org/fhir/us/davinci-alerts/StructureDefinition-adt-notification-encounter-definitions.html#Encounter.diagnosis.use,http://hl7.org/fhir/R4/valueset-diagnosis-role.html,,,"Since binding is extensible, can extend valueset, should submit UTG proposal to add to code system",,,,,,,,,,,,,,,,,,,,
83,DG1-6,https://terminology.hl7.org/5.2.0/ValueSet-v2-0052.html,F , Final,https://hl7.org/fhir/us/davinci-alerts/StructureDefinition-adt-notification-encounter-definitions.html#Encounter.diagnosis.use,http://hl7.org/fhir/R4/valueset-diagnosis-role.html,DD , Discharge diagnosis,,,,,,,,,,,,,,,,,,,,,
84,DG1-6,https://terminology.hl7.org/5.2.0/ValueSet-v2-0052.html,,,https://hl7.org/fhir/us/davinci-alerts/StructureDefinition-adt-notification-encounter-definitions.html#Encounter.diagnosis.use,http://hl7.org/fhir/R4/valueset-diagnosis-role.html,CC , Chief complaint,"This concept is orthogonal to the concepts used in V2, don't map",,,,,,,,,,,,,,,,,,,,
85,DG1-6,https://terminology.hl7.org/5.2.0/ValueSet-v2-0052.html,,,https://hl7.org/fhir/us/davinci-alerts/StructureDefinition-adt-notification-encounter-definitions.html#Encounter.diagnosis.use,http://hl7.org/fhir/R4/valueset-diagnosis-role.html,CM , Comorbidity diagnosis,This concept is orthogonal to the concepts used in V2,,,,,,,,,,,,,,,,,,,,
86,DG1-6,https://terminology.hl7.org/5.2.0/ValueSet-v2-0052.html,,,https://hl7.org/fhir/us/davinci-alerts/StructureDefinition-adt-notification-encounter-definitions.html#Encounter.diagnosis.use,http://hl7.org/fhir/R4/valueset-diagnosis-role.html,pre-op , pre-op diagnosis,"If this is needed in Direct Trust, can consider expanding the value set",,,,,,,,,,,,,,,,,,,,
87,DG1-6,https://terminology.hl7.org/5.2.0/ValueSet-v2-0052.html,,,https://hl7.org/fhir/us/davinci-alerts/StructureDefinition-adt-notification-encounter-definitions.html#Encounter.diagnosis.use,http://hl7.org/fhir/R4/valueset-diagnosis-role.html,post-op , post-op diagnosis,"If this is needed in Direct Trust, can consider expanding the value set",,,,,,,,,,,,,,,,,,,,
88,DG1-6,https://terminology.hl7.org/5.2.0/ValueSet-v2-0052.html,,,https://hl7.org/fhir/us/davinci-alerts/StructureDefinition-adt-notification-encounter-definitions.html#Encounter.diagnosis.use,http://hl7.org/fhir/R4/valueset-diagnosis-role.html,billing , Billing,This concept is orthogonal to the concepts used in V2,,,,,,,,,,,,,,,,,,,,
89,NK1-3,https://terminology.hl7.org/5.1.0/CodeSystem-v2-0063.html,MTH,,https://hl7.org/fhir/us/core/StructureDefinition-us-core-relatedperson-definitions.html#RelatedPerson.name,https://hl7.org/fhir/R4/valueset-relatedperson-relationshiptype.html,MTH , Mother,This is described specifically for the maternal health use case,,,,,,,,,,,,,,,,,,,,
90,PV2-3,none selected,,,http://hl7.org/fhir/R4/valueset-encounter-reason.html,https://hl7.org/fhir/R4/valueset-contact-point-use.html,,,"This valuset draws form SCT, which is also done in CDA, recommend using the same in V2",,,,,,,,,,,,,,,,,,,,
91,PID-13.2 / ROL-12.4.2 / NK1-5.2,http://terminology.hl7.org/2.1.0/ValueSet-v2-0201.html or point to https://terminology.hl7.org/ValueSet-v2-0201.html?,PRN , Primary Residence Number,https://hl7.org/fhir/R4/valueset-contact-point-use.html,https://hl7.org/fhir/R4/valueset-contact-point-use.html,home , Home,,,,,,,,,,,,,,,,,,,,,
92,PID-13.2 / ROL-12.4.2 / NK1-5.2,http://terminology.hl7.org/2.1.0/ValueSet-v2-0201.html or point to https://terminology.hl7.org/ValueSet-v2-0201.html?,ORN , Other Residence Number,https://hl7.org/fhir/R4/valueset-contact-point-use.html,https://hl7.org/fhir/R4/valueset-contact-point-use.html,home , Home,,,,,,,,,,,,,,,,,,,,,
93,PID-13.2 / ROL-12.4.2 / NK1-5.2,http://terminology.hl7.org/2.1.0/ValueSet-v2-0201.html or point to https://terminology.hl7.org/ValueSet-v2-0201.html?,WPN , Work Number,https://hl7.org/fhir/R4/valueset-contact-point-use.html,https://hl7.org/fhir/R4/valueset-contact-point-use.html,work , Work,,,,,,,,,,,,,,,,,,,,,
95,PID-13.2 / ROL-12.4.2 / NK1-5.2,http://terminology.hl7.org/2.1.0/ValueSet-v2-0201.html or point to https://terminology.hl7.org/ValueSet-v2-0201.html?,VHN , Vacation Home Number,https://hl7.org/fhir/R4/valueset-contact-point-use.html,https://hl7.org/fhir/R4/valueset-contact-point-use.html,home , Home,is this correct?,,,,,,,,,,,,,,,,,,,,
96,PID-13.2 / ROL-12.4.2 / NK1-5.2,http://terminology.hl7.org/2.1.0/ValueSet-v2-0201.html or point to https://terminology.hl7.org/ValueSet-v2-0201.html?,ASN , Answering Service Number,https://hl7.org/fhir/R4/valueset-contact-point-use.html,https://hl7.org/fhir/R4/valueset-contact-point-use.html,,,unsure how to map this,,,,,,,,,,,,,,,,,,,,
97,PID-13.2 / ROL-12.4.2 / NK1-5.2,http://terminology.hl7.org/2.1.0/ValueSet-v2-0201.html or point to https://terminology.hl7.org/ValueSet-v2-0201.html?,EMR , Emergency Number,https://hl7.org/fhir/R4/valueset-contact-point-use.html,https://hl7.org/fhir/R4/valueset-contact-point-use.html,,,unsure how to map this,,,,,,,,,,,,,,,,,,,,
98,PID-13.2 / ROL-12.4.2 / NK1-5.2,http://terminology.hl7.org/2.1.0/ValueSet-v2-0201.html or point to https://terminology.hl7.org/ValueSet-v2-0201.html?,NET , Network (email) Address,https://hl7.org/fhir/R4/valueset-contact-point-system.html,https://hl7.org/fhir/R4/valueset-contact-point-system.html,email , Email,would need to map to different datatype element and use different value set,,,,,,,,,,,,,,,,,,,,
99,PID-13.2 / ROL-12.4.2 / NK1-5.2,http://terminology.hl7.org/2.1.0/ValueSet-v2-0201.html or point to https://terminology.hl7.org/ValueSet-v2-0201.html?,BPN , Beeper Number,https://hl7.org/fhir/R4/valueset-contact-point-system.html,https://hl7.org/fhir/R4/valueset-contact-point-system.html,pager , Pager,would need to map to different datatype element and use different value set,,,,,,,,,,,,,,,,,,,,
100,PID-13.2 / ROL-12.4.2 / NK1-5.2,http://terminology.hl7.org/2.1.0/ValueSet-v2-0201.html or point to https://terminology.hl7.org/ValueSet-v2-0201.html?,PRS , Personal,https://hl7.org/fhir/R4/valueset-contact-point-use.html,https://hl7.org/fhir/R4/valueset-contact-point-use.html,,,unsure how to map this,,,,,,,,,,,,,,,,,,,,
101,PID-13.2 / ROL-12.4.2 / NK1-5.2,http://terminology.hl7.org/2.1.0/ValueSet-v2-0201.html or point to https://terminology.hl7.org/ValueSet-v2-0201.html?,DSM , Direct Secure Messaging,does not map at the vocabulary level - maps to extension in US Core = https://hl7.org/fhir/us/core/StructureDefinition-us-core-direct.html,,,,,,,,,,,,,,,,,,,,,,,,
,,,,,https://hl7.org/fhir/R4/valueset-contact-point-use.html,https://hl7.org/fhir/R4/valueset-contact-point-use.html,mobile , Mobile,,,,,,,,,,,,,,,,,,,,,
,,,,,https://hl7.org/fhir/R4/valueset-contact-point-use.html,https://hl7.org/fhir/R4/valueset-contact-point-use.html,old , Old,,,,,,,,,,,,,,,,,,,,,
,,,,,https://hl7.org/fhir/R4/valueset-contact-point-use.html,https://hl7.org/fhir/R4/valueset-contact-point-use.html,temp , Temp,,,,,,,,,,,,,,,,,,,,,
,,,,,,,,,,,,,,,,,,,,,,,,,,,,,
,,,,,,,,,,,,,,,,,,,,,,,,,,,,,
,,,,,,,,,,,,,,,,,,,,,,,,,,,,,
,,,,,,,,,,,,,,,,,,,,,,,,,,,,,
,,,,,,,,,,,,,,,,,,,,,,,,,,,,,
,,,,,,,,,,,,,,,,,,,,,,,,,,,,,
,,,,,,,,,,,,,,,,,,,,,,,,,,,,,
,,,,,,,,,,,,,,,,,,,,,,,,,,,,,
,,,,,,,,,,,,,,,,,,,,,,,,,,,,,
,,,,,,,,,,,,,,,,,,,,,,,,,,,,,
,,,,,,,,,,,,,,,,,,,,,,,,,,,,,
,,,,,,,,,,,,,,,,,,,,,,,,,,,,,
,,,,,,,,,,,,,,,,,,,,,,,,,,,,,
,,,,,,,,,,,,,,,,,,,,,,,,,,,,,
,,,,,,,,,,,,,,,,,,,,,,,,,,,,,
,,,,,,,,,,,,,,,,,,,,,,,,,,,,,
,,,,,,,,,,,,,,,,,,,,,,,,,,,,,
,,,,,,,,,,,,,,,,,,,,,,,,,,,,,
,,,,,,,,,,,,,,,,,,,,,,,,,,,,,
,,,,,,,,,,,,,,,,,,,,,,,,,,,,,
,,,,,,,,,,,,,,,,,,,,,,,,,,,,,
,,,,,,,,,,,,,,,,,,,,,,,,,,,,,
,,,,,,,,,,,,,,,,,,,,,,,,,,,,,
,,,,,,,,,,,,,,,,,,,,,,,,,,,,,
,,,,,,,,,,,,,,,,,,,,,,,,,,,,,
,,,,,,,,,,,,,,,,,,,,,,,,,,,,,
,,,,,,,,,,,,,,,,,,,,,,,,,,,,,
,,,,,,,,,,,,,,,,,,,,,,,,,,,,,
,,,,,,,,,,,,,,,,,,,,,,,,,,,,,
,,,,,,,,,,,,,,,,,,,,,,,,,,,,,
,,,,,,,,,,,,,,,,,,,,,,,,,,,,,
,,,,,,,,,,,,,,,,,,,,,,,,,,,,,
,,,,,,,,,,,,,,,,,,,,,,,,,,,,,
,,,,,,,,,,,,,,,,,,,,,,,,,,,,,
,,,,,,,,,,,,,,,,,,,,,,,,,,,,,
,,,,,,,,,,,,,,,,,,,,,,,,,,,,,
,,,,,,,,,,,,,,,,,,,,,,,,,,,,,
,,,,,,,,,,,,,,,,,,,,,,,,,,,,,
,,,,,,,,,,,,,,,,,,,,,,,,,,,,,
,,,,,,,,,,,,,,,,,,,,,,,,,,,,,
,,,,,,,,,,,,,,,,,,,,,,,,,,,,,
,,,,,,,,,,,,,,,,,,,,,,,,,,,,,
,,,,,,,,,,,,,,,,,,,,,,,,,,,,,
,,,,,,,,,,,,,,,,,,,,,,,,,,,,,
,,,,,,,,,,,,,,,,,,,,,,,,,,,,,
,,,,,,,,,,,,,,,,,,,,,,,,,,,,,
,,,,,,,,,,,,,,,,,,,,,,,,,,,,,
,,,,,,,,,,,,,,,,,,,,,,,,,,,,,
,,,,,,,,,,,,,,,,,,,,,,,,,,,,,
,,,,,,,,,,,,,,,,,,,,,,,,,,,,,
,,,,,,,,,,,,,,,,,,,,,,,,,,,,,
,,,,,,,,,,,,,,,,,,,,,,,,,,,,,
,,,,,,,,,,,,,,,,,,,,,,,,,,,,,
,,,,,,,,,,,,,,,,,,,,,,,,,,,,,
,,,,,,,,,,,,,,,,,,,,,,,,,,,,,
,,,,,,,,,,,,,,,,,,,,,,,,,,,,,
,,,,,,,,,,,,,,,,,,,,,,,,,,,,,
,,,,,,,,,,,,,,,,,,,,,,,,,,,,,
,,,,,,,,,,,,,,,,,,,,,,,,,,,,,
,,,,,,,,,,,,,,,,,,,,,,,,,,,,,
,,,,,,,,,,,,,,,,,,,,,,,,,,,,,
,,,,,,,,,,,,,,,,,,,,,,,,,,,,,
,,,,,,,,,,,,,,,,,,,,,,,,,,,,,
,,,,,,,,,,,,,,,,,,,,,,,,,,,,,
,,,,,,,,,,,,,,,,,,,,,,,,,,,,,
,,,,,,,,,,,,,,,,,,,,,,,,,,,,,
,,,,,,,,,,,,,,,,,,,,,,,,,,,,,
,,,,,,,,,,,,,,,,,,,,,,,,,,,,,
,,,,,,,,,,,,,,,,,,,,,,,,,,,,,
,,,,,,,,,,,,,,,,,,,,,,,,,,,,,
,,,,,,,,,,,,,,,,,,,,,,,,,,,,,
,,,,,,,,,,,,,,,,,,,,,,,,,,,,,
,,,,,,,,,,,,,,,,,,,,,,,,,,,,,
,,,,,,,,,,,,,,,,,,,,,,,,,,,,,
,,,,,,,,,,,,,,,,,,,,,,,,,,,,,
,,,,,,,,,,,,,,,,,,,,,,,,,,,,,
,,,,,,,,,,,,,,,,,,,,,,,,,,,,,
,,,,,,,,,,,,,,,,,,,,,,,,,,,,,
,,,,,,,,,,,,,,,,,,,,,,,,,,,,,
,,,,,,,,,,,,,,,,,,,,,,,,,,,,,
,,,,,,,,,,,,,,,,,,,,,,,,,,,,,
,,,,,,,,,,,,,,,,,,,,,,,,,,,,,
,,,,,,,,,,,,,,,,,,,,,,,,,,,,,
,,,,,,,,,,,,,,,,,,,,,,,,,,,,,
,,,,,,,,,,,,,,,,,,,,,,,,,,,,,
,,,,,,,,,,,,,,,,,,,,,,,,,,,,,
,,,,,,,,,,,,,,,,,,,,,,,,,,,,,
,,,,,,,,,,,,,,,,,,,,,,,,,,,,,
,,,,,,,,,,,,,,,,,,,,,,,,,,,,,
,,,,,,,,,,,,,,,,,,,,,,,,,,,,,
,,,,,,,,,,,,,,,,,,,,,,,,,,,,,
,,,,,,,,,,,,,,,,,,,,,,,,,,,,,
,,,,,,,,,,,,,,,,,,,,,,,,,,,,,
,,,,,,,,,,,,,,,,,,,,,,,,,,,,,
,,,,,,,,,,,,,,,,,,,,,,,,,,,,,
,,,,,,,,,,,,,,,,,,,,,,,,,,,,,
,,,,,,,,,,,,,,,,,,,,,,,,,,,,,
,,,,,,,,,,,,,,,,,,,,,,,,,,,,,
,,,,,,,,,,,,,,,,,,,,,,,,,,,,,
,,,,,,,,,,,,,,,,,,,,,,,,,,,,,
,,,,,,,,,,,,,,,,,,,,,,,,,,,,,
,,,,,,,,,,,,,,,,,,,,,,,,,,,,,
,,,,,,,,,,,,,,,,,,,,,,,,,,,,,
,,,,,,,,,,,,,,,,,,,,,,,,,,,,,
,,,,,,,,,,,,,,,,,,,,,,,,,,,,,
,,,,,,,,,,,,,,,,,,,,,,,,,,,,,
,,,,,,,,,,,,,,,,,,,,,,,,,,,,,
,,,,,,,,,,,,,,,,,,,,,,,,,,,,,
,,,,,,,,,,,,,,,,,,,,,,,,,,,,,
,,,,,,,,,,,,,,,,,,,,,,,,,,,,,
,,,,,,,,,,,,,,,,,,,,,,,,,,,,,
,,,,,,,,,,,,,,,,,,,,,,,,,,,,,
,,,,,,,,,,,,,,,,,,,,,,,,,,,,,
,,,,,,,,,,,,,,,,,,,,,,,,,,,,,
,,,,,,,,,,,,,,,,,,,,,,,,,,,,,
,,,,,,,,,,,,,,,,,,,,,,,,,,,,,
,,,,,,,,,,,,,,,,,,,,,,,,,,,,,
,,,,,,,,,,,,,,,,,,,,,,,,,,,,,
,,,,,,,,,,,,,,,,,,,,,,,,,,,,,
,,,,,,,,,,,,,,,,,,,,,,,,,,,,,
,,,,,,,,,,,,,,,,,,,,,,,,,,,,,
,,,,,,,,,,,,,,,,,,,,,,,,,,,,,
,,,,,,,,,,,,,,,,,,,,,,,,,,,,,
,,,,,,,,,,,,,,,,,,,,,,,,,,,,,
,,,,,,,,,,,,,,,,,,,,,,,,,,,,,
,,,,,,,,,,,,,,,,,,,,,,,,,,,,,
,,,,,,,,,,,,,,,,,,,,,,,,,,,,,
,,,,,,,,,,,,,,,,,,,,,,,,,,,,,
,,,,,,,,,,,,,,,,,,,,,,,,,,,,,
,,,,,,,,,,,,,,,,,,,,,,,,,,,,,
,,,,,,,,,,,,,,,,,,,,,,,,,,,,,
,,,,,,,,,,,,,,,,,,,,,,,,,,,,,
,,,,,,,,,,,,,,,,,,,,,,,,,,,,,
,,,,,,,,,,,,,,,,,,,,,,,,,,,,,
,,,,,,,,,,,,,,,,,,,,,,,,,,,,,
,,,,,,,,,,,,,,,,,,,,,,,,,,,,,
,,,,,,,,,,,,,,,,,,,,,,,,,,,,,
,,,,,,,,,,,,,,,,,,,,,,,,,,,,,
,,,,,,,,,,,,,,,,,,,,,,,,,,,,,
,,,,,,,,,,,,,,,,,,,,,,,,,,,,,
,,,,,,,,,,,,,,,,,,,,,,,,,,,,,
,,,,,,,,,,,,,,,,,,,,,,,,,,,,,
,,,,,,,,,,,,,,,,,,,,,,,,,,,,,
,,,,,,,,,,,,,,,,,,,,,,,,,,,,,
,,,,,,,,,,,,,,,,,,,,,,,,,,,,,
,,,,,,,,,,,,,,,,,,,,,,,,,,,,,
,,,,,,,,,,,,,,,,,,,,,,,,,,,,,
,,,,,,,,,,,,,,,,,,,,,,,,,,,,,
,,,,,,,,,,,,,,,,,,,,,,,,,,,,,
,,,,,,,,,,,,,,,,,,,,,,,,,,,,,
,,,,,,,,,,,,,,,,,,,,,,,,,,,,,
,,,,,,,,,,,,,,,,,,,,,,,,,,,,,
,,,,,,,,,,,,,,,,,,,,,,,,,,,,,
,,,,,,,,,,,,,,,,,,,,,,,,,,,,,
,,,,,,,,,,,,,,,,,,,,,,,,,,,,,
,,,,,,,,,,,,,,,,,,,,,,,,,,,,,
,,,,,,,,,,,,,,,,,,,,,,,,,,,,,
,,,,,,,,,,,,,,,,,,,,,,,,,,,,,
,,,,,,,,,,,,,,,,,,,,,,,,,,,,,
,,,,,,,,,,,,,,,,,,,,,,,,,,,,,
,,,,,,,,,,,,,,,,,,,,,,,,,,,,,
,,,,,,,,,,,,,,,,,,,,,,,,,,,,,
,,,,,,,,,,,,,,,,,,,,,,,,,,,,,
,,,,,,,,,,,,,,,,,,,,,,,,,,,,,
,,,,,,,,,,,,,,,,,,,,,,,,,,,,,
,,,,,,,,,,,,,,,,,,,,,,,,,,,,,
,,,,,,,,,,,,,,,,,,,,,,,,,,,,,
,,,,,,,,,,,,,,,,,,,,,,,,,,,,,
,,,,,,,,,,,,,,,,,,,,,,,,,,,,,
,,,,,,,,,,,,,,,,,,,,,,,,,,,,,
,,,,,,,,,,,,,,,,,,,,,,,,,,,,,
,,,,,,,,,,,,,,,,,,,,,,,,,,,,,
,,,,,,,,,,,,,,,,,,,,,,,,,,,,,
,,,,,,,,,,,,,,,,,,,,,,,,,,,,,
,,,,,,,,,,,,,,,,,,,,,,,,,,,,,
,,,,,,,,,,,,,,,,,,,,,,,,,,,,,
,,,,,,,,,,,,,,,,,,,,,,,,,,,,,
,,,,,,,,,,,,,,,,,,,,,,,,,,,,,
,,,,,,,,,,,,,,,,,,,,,,,,,,,,,
,,,,,,,,,,,,,,,,,,,,,,,,,,,,,
,,,,,,,,,,,,,,,,,,,,,,,,,,,,,
,,,,,,,,,,,,,,,,,,,,,,,,,,,,,
,,,,,,,,,,,,,,,,,,,,,,,,,,,,,
,,,,,,,,,,,,,,,,,,,,,,,,,,,,,
,,,,,,,,,,,,,,,,,,,,,,,,,,,,,
,,,,,,,,,,,,,,,,,,,,,,,,,,,,,
,,,,,,,,,,,,,,,,,,,,,,,,,,,,,
,,,,,,,,,,,,,,,,,,,,,,,,,,,,,
,,,,,,,,,,,,,,,,,,,,,,,,,,,,,
,,,,,,,,,,,,,,,,,,,,,,,,,,,,,
,,,,,,,,,,,,,,,,,,,,,,,,,,,,,
,,,,,,,,,,,,,,,,,,,,,,,,,,,,,
,,,,,,,,,,,,,,,,,,,,,,,,,,,,,
,,,,,,,,,,,,,,,,,,,,,,,,,,,,,
,,,,,,,,,,,,,,,,,,,,,,,,,,,,,
,,,,,,,,,,,,,,,,,,,,,,,,,,,,,
,,,,,,,,,,,,,,,,,,,,,,,,,,,,,
,,,,,,,,,,,,,,,,,,,,,,,,,,,,,
,,,,,,,,,,,,,,,,,,,,,,,,,,,,,
,,,,,,,,,,,,,,,,,,,,,,,,,,,,,
,,,,,,,,,,,,,,,,,,,,,,,,,,,,,
,,,,,,,,,,,,,,,,,,,,,,,,,,,,,
,,,,,,,,,,,,,,,,,,,,,,,,,,,,,
,,,,,,,,,,,,,,,,,,,,,,,,,,,,,
,,,,,,,,,,,,,,,,,,,,,,,,,,,,,
,,,,,,,,,,,,,,,,,,,,,,,,,,,,,
,,,,,,,,,,,,,,,,,,,,,,,,,,,,,
,,,,,,,,,,,,,,,,,,,,,,,,,,,,,
,,,,,,,,,,,,,,,,,,,,,,,,,,,,,
,,,,,,,,,,,,,,,,,,,,,,,,,,,,,
,,,,,,,,,,,,,,,,,,,,,,,,,,,,,
,,,,,,,,,,,,,,,,,,,,,,,,,,,,,
,,,,,,,,,,,,,,,,,,,,,,,,,,,,,
,,,,,,,,,,,,,,,,,,,,,,,,,,,,,
,,,,,,,,,,,,,,,,,,,,,,,,,,,,,
,,,,,,,,,,,,,,,,,,,,,,,,,,,,,
,,,,,,,,,,,,,,,,,,,,,,,,,,,,,
,,,,,,,,,,,,,,,,,,,,,,,,,,,,,
,,,,,,,,,,,,,,,,,,,,,,,,,,,,,
,,,,,,,,,,,,,,,,,,,,,,,,,,,,,
,,,,,,,,,,,,,,,,,,,,,,,,,,,,,
,,,,,,,,,,,,,,,,,,,,,,,,,,,,,
,,,,,,,,,,,,,,,,,,,,,,,,,,,,,
,,,,,,,,,,,,,,,,,,,,,,,,,,,,,
,,,,,,,,,,,,,,,,,,,,,,,,,,,,,
,,,,,,,,,,,,,,,,,,,,,,,,,,,,,
,,,,,,,,,,,,,,,,,,,,,,,,,,,,,
,,,,,,,,,,,,,,,,,,,,,,,,,,,,,
,,,,,,,,,,,,,,,,,,,,,,,,,,,,,
,,,,,,,,,,,,,,,,,,,,,,,,,,,,,
,,,,,,,,,,,,,,,,,,,,,,,,,,,,,
,,,,,,,,,,,,,,,,,,,,,,,,,,,,,
,,,,,,,,,,,,,,,,,,,,,,,,,,,,,
,,,,,,,,,,,,,,,,,,,,,,,,,,,,,
,,,,,,,,,,,,,,,,,,,,,,,,,,,,,
,,,,,,,,,,,,,,,,,,,,,,,,,,,,,
,,,,,,,,,,,,,,,,,,,,,,,,,,,,,
,,,,,,,,,,,,,,,,,,,,,,,,,,,,,
,,,,,,,,,,,,,,,,,,,,,,,,,,,,,
,,,,,,,,,,,,,,,,,,,,,,,,,,,,,
,,,,,,,,,,,,,,,,,,,,,,,,,,,,,
,,,,,,,,,,,,,,,,,,,,,,,,,,,,,
,,,,,,,,,,,,,,,,,,,,,,,,,,,,,
,,,,,,,,,,,,,,,,,,,,,,,,,,,,,
,,,,,,,,,,,,,,,,,,,,,,,,,,,,,
,,,,,,,,,,,,,,,,,,,,,,,,,,,,,
,,,,,,,,,,,,,,,,,,,,,,,,,,,,,
,,,,,,,,,,,,,,,,,,,,,,,,,,,,,
,,,,,,,,,,,,,,,,,,,,,,,,,,,,,
,,,,,,,,,,,,,,,,,,,,,,,,,,,,,
,,,,,,,,,,,,,,,,,,,,,,,,,,,,,
,,,,,,,,,,,,,,,,,,,,,,,,,,,,,
,,,,,,,,,,,,,,,,,,,,,,,,,,,,,
,,,,,,,,,,,,,,,,,,,,,,,,,,,,,
,,,,,,,,,,,,,,,,,,,,,,,,,,,,,
,,,,,,,,,,,,,,,,,,,,,,,,,,,,,
,,,,,,,,,,,,,,,,,,,,,,,,,,,,,
,,,,,,,,,,,,,,,,,,,,,,,,,,,,,
,,,,,,,,,,,,,,,,,,,,,,,,,,,,,
,,,,,,,,,,,,,,,,,,,,,,,,,,,,,
,,,,,,,,,,,,,,,,,,,,,,,,,,,,,
,,,,,,,,,,,,,,,,,,,,,,,,,,,,,
,,,,,,,,,,,,,,,,,,,,,,,,,,,,,
,,,,,,,,,,,,,,,,,,,,,,,,,,,,,
,,,,,,,,,,,,,,,,,,,,,,,,,,,,,
,,,,,,,,,,,,,,,,,,,,,,,,,,,,,
,,,,,,,,,,,,,,,,,,,,,,,,,,,,,
,,,,,,,,,,,,,,,,,,,,,,,,,,,,,
,,,,,,,,,,,,,,,,,,,,,,,,,,,,,
,,,,,,,,,,,,,,,,,,,,,,,,,,,,,
,,,,,,,,,,,,,,,,,,,,,,,,,,,,,
,,,,,,,,,,,,,,,,,,,,,,,,,,,,,
,,,,,,,,,,,,,,,,,,,,,,,,,,,,,
,,,,,,,,,,,,,,,,,,,,,,,,,,,,,
,,,,,,,,,,,,,,,,,,,,,,,,,,,,,
,,,,,,,,,,,,,,,,,,,,,,,,,,,,,
,,,,,,,,,,,,,,,,,,,,,,,,,,,,,
,,,,,,,,,,,,,,,,,,,,,,,,,,,,,
,,,,,,,,,,,,,,,,,,,,,,,,,,,,,
,,,,,,,,,,,,,,,,,,,,,,,,,,,,,
,,,,,,,,,,,,,,,,,,,,,,,,,,,,,
,,,,,,,,,,,,,,,,,,,,,,,,,,,,,
,,,,,,,,,,,,,,,,,,,,,,,,,,,,,
,,,,,,,,,,,,,,,,,,,,,,,,,,,,,
,,,,,,,,,,,,,,,,,,,,,,,,,,,,,
,,,,,,,,,,,,,,,,,,,,,,,,,,,,,
,,,,,,,,,,,,,,,,,,,,,,,,,,,,,
,,,,,,,,,,,,,,,,,,,,,,,,,,,,,
,,,,,,,,,,,,,,,,,,,,,,,,,,,,,
,,,,,,,,,,,,,,,,,,,,,,,,,,,,,
,,,,,,,,,,,,,,,,,,,,,,,,,,,,,
,,,,,,,,,,,,,,,,,,,,,,,,,,,,,
,,,,,,,,,,,,,,,,,,,,,,,,,,,,,
,,,,,,,,,,,,,,,,,,,,,,,,,,,,,
,,,,,,,,,,,,,,,,,,,,,,,,,,,,,
,,,,,,,,,,,,,,,,,,,,,,,,,,,,,
,,,,,,,,,,,,,,,,,,,,,,,,,,,,,
,,,,,,,,,,,,,,,,,,,,,,,,,,,,,
,,,,,,,,,,,,,,,,,,,,,,,,,,,,,
,,,,,,,,,,,,,,,,,,,,,,,,,,,,,
,,,,,,,,,,,,,,,,,,,,,,,,,,,,,
,,,,,,,,,,,,,,,,,,,,,,,,,,,,,
,,,,,,,,,,,,,,,,,,,,,,,,,,,,,
,,,,,,,,,,,,,,,,,,,,,,,,,,,,,
,,,,,,,,,,,,,,,,,,,,,,,,,,,,,
,,,,,,,,,,,,,,,,,,,,,,,,,,,,,
,,,,,,,,,,,,,,,,,,,,,,,,,,,,,
,,,,,,,,,,,,,,,,,,,,,,,,,,,,,
,,,,,,,,,,,,,,,,,,,,,,,,,,,,,
,,,,,,,,,,,,,,,,,,,,,,,,,,,,,
,,,,,,,,,,,,,,,,,,,,,,,,,,,,,
,,,,,,,,,,,,,,,,,,,,,,,,,,,,,
,,,,,,,,,,,,,,,,,,,,,,,,,,,,,
,,,,,,,,,,,,,,,,,,,,,,,,,,,,,
,,,,,,,,,,,,,,,,,,,,,,,,,,,,,
,,,,,,,,,,,,,,,,,,,,,,,,,,,,,
,,,,,,,,,,,,,,,,,,,,,,,,,,,,,
,,,,,,,,,,,,,,,,,,,,,,,,,,,,,
,,,,,,,,,,,,,,,,,,,,,,,,,,,,,
,,,,,,,,,,,,,,,,,,,,,,,,,,,,,
,,,,,,,,,,,,,,,,,,,,,,,,,,,,,
,,,,,,,,,,,,,,,,,,,,,,,,,,,,,
,,,,,,,,,,,,,,,,,,,,,,,,,,,,,
,,,,,,,,,,,,,,,,,,,,,,,,,,,,,
,,,,,,,,,,,,,,,,,,,,,,,,,,,,,
,,,,,,,,,,,,,,,,,,,,,,,,,,,,,
,,,,,,,,,,,,,,,,,,,,,,,,,,,,,
,,,,,,,,,,,,,,,,,,,,,,,,,,,,,
,,,,,,,,,,,,,,,,,,,,,,,,,,,,,
,,,,,,,,,,,,,,,,,,,,,,,,,,,,,
,,,,,,,,,,,,,,,,,,,,,,,,,,,,,
,,,,,,,,,,,,,,,,,,,,,,,,,,,,,
,,,,,,,,,,,,,,,,,,,,,,,,,,,,,
,,,,,,,,,,,,,,,,,,,,,,,,,,,,,
,,,,,,,,,,,,,,,,,,,,,,,,,,,,,
,,,,,,,,,,,,,,,,,,,,,,,,,,,,,
,,,,,,,,,,,,,,,,,,,,,,,,,,,,,
,,,,,,,,,,,,,,,,,,,,,,,,,,,,,
,,,,,,,,,,,,,,,,,,,,,,,,,,,,,
,,,,,,,,,,,,,,,,,,,,,,,,,,,,,
,,,,,,,,,,,,,,,,,,,,,,,,,,,,,
,,,,,,,,,,,,,,,,,,,,,,,,,,,,,
,,,,,,,,,,,,,,,,,,,,,,,,,,,,,
,,,,,,,,,,,,,,,,,,,,,,,,,,,,,
,,,,,,,,,,,,,,,,,,,,,,,,,,,,,
,,,,,,,,,,,,,,,,,,,,,,,,,,,,,
,,,,,,,,,,,,,,,,,,,,,,,,,,,,,
,,,,,,,,,,,,,,,,,,,,,,,,,,,,,
,,,,,,,,,,,,,,,,,,,,,,,,,,,,,
,,,,,,,,,,,,,,,,,,,,,,,,,,,,,
,,,,,,,,,,,,,,,,,,,,,,,,,,,,,
,,,,,,,,,,,,,,,,,,,,,,,,,,,,,
,,,,,,,,,,,,,,,,,,,,,,,,,,,,,
,,,,,,,,,,,,,,,,,,,,,,,,,,,,,
,,,,,,,,,,,,,,,,,,,,,,,,,,,,,
,,,,,,,,,,,,,,,,,,,,,,,,,,,,,
,,,,,,,,,,,,,,,,,,,,,,,,,,,,,
,,,,,,,,,,,,,,,,,,,,,,,,,,,,,
,,,,,,,,,,,,,,,,,,,,,,,,,,,,,
,,,,,,,,,,,,,,,,,,,,,,,,,,,,,
,,,,,,,,,,,,,,,,,,,,,,,,,,,,,
,,,,,,,,,,,,,,,,,,,,,,,,,,,,,
,,,,,,,,,,,,,,,,,,,,,,,,,,,,,
,,,,,,,,,,,,,,,,,,,,,,,,,,,,,
,,,,,,,,,,,,,,,,,,,,,,,,,,,,,
,,,,,,,,,,,,,,,,,,,,,,,,,,,,,
,,,,,,,,,,,,,,,,,,,,,,,,,,,,,
,,,,,,,,,,,,,,,,,,,,,,,,,,,,,
,,,,,,,,,,,,,,,,,,,,,,,,,,,,,
,,,,,,,,,,,,,,,,,,,,,,,,,,,,,
,,,,,,,,,,,,,,,,,,,,,,,,,,,,,
,,,,,,,,,,,,,,,,,,,,,,,,,,,,,
,,,,,,,,,,,,,,,,,,,,,,,,,,,,,
,,,,,,,,,,,,,,,,,,,,,,,,,,,,,
,,,,,,,,,,,,,,,,,,,,,,,,,,,,,
,,,,,,,,,,,,,,,,,,,,,,,,,,,,,
,,,,,,,,,,,,,,,,,,,,,,,,,,,,,
,,,,,,,,,,,,,,,,,,,,,,,,,,,,,
,,,,,,,,,,,,,,,,,,,,,,,,,,,,,
,,,,,,,,,,,,,,,,,,,,,,,,,,,,,
,,,,,,,,,,,,,,,,,,,,,,,,,,,,,
,,,,,,,,,,,,,,,,,,,,,,,,,,,,,
,,,,,,,,,,,,,,,,,,,,,,,,,,,,,
,,,,,,,,,,,,,,,,,,,,,,,,,,,,,
,,,,,,,,,,,,,,,,,,,,,,,,,,,,,
,,,,,,,,,,,,,,,,,,,,,,,,,,,,,
,,,,,,,,,,,,,,,,,,,,,,,,,,,,,
,,,,,,,,,,,,,,,,,,,,,,,,,,,,,
,,,,,,,,,,,,,,,,,,,,,,,,,,,,,
,,,,,,,,,,,,,,,,,,,,,,,,,,,,,
,,,,,,,,,,,,,,,,,,,,,,,,,,,,,
,,,,,,,,,,,,,,,,,,,,,,,,,,,,,
,,,,,,,,,,,,,,,,,,,,,,,,,,,,,
,,,,,,,,,,,,,,,,,,,,,,,,,,,,,
,,,,,,,,,,,,,,,,,,,,,,,,,,,,,
,,,,,,,,,,,,,,,,,,,,,,,,,,,,,
,,,,,,,,,,,,,,,,,,,,,,,,,,,,,
,,,,,,,,,,,,,,,,,,,,,,,,,,,,,
,,,,,,,,,,,,,,,,,,,,,,,,,,,,,
,,,,,,,,,,,,,,,,,,,,,,,,,,,,,
,,,,,,,,,,,,,,,,,,,,,,,,,,,,,
,,,,,,,,,,,,,,,,,,,,,,,,,,,,,
,,,,,,,,,,,,,,,,,,,,,,,,,,,,,
,,,,,,,,,,,,,,,,,,,,,,,,,,,,,
,,,,,,,,,,,,,,,,,,,,,,,,,,,,,
,,,,,,,,,,,,,,,,,,,,,,,,,,,,,
,,,,,,,,,,,,,,,,,,,,,,,,,,,,,
,,,,,,,,,,,,,,,,,,,,,,,,,,,,,
,,,,,,,,,,,,,,,,,,,,,,,,,,,,,
,,,,,,,,,,,,,,,,,,,,,,,,,,,,,
,,,,,,,,,,,,,,,,,,,,,,,,,,,,,
,,,,,,,,,,,,,,,,,,,,,,,,,,,,,
,,,,,,,,,,,,,,,,,,,,,,,,,,,,,
,,,,,,,,,,,,,,,,,,,,,,,,,,,,,
,,,,,,,,,,,,,,,,,,,,,,,,,,,,,
,,,,,,,,,,,,,,,,,,,,,,,,,,,,,
,,,,,,,,,,,,,,,,,,,,,,,,,,,,,
,,,,,,,,,,,,,,,,,,,,,,,,,,,,,
,,,,,,,,,,,,,,,,,,,,,,,,,,,,,
,,,,,,,,,,,,,,,,,,,,,,,,,,,,,
,,,,,,,,,,,,,,,,,,,,,,,,,,,,,
,,,,,,,,,,,,,,,,,,,,,,,,,,,,,
,,,,,,,,,,,,,,,,,,,,,,,,,,,,,
,,,,,,,,,,,,,,,,,,,,,,,,,,,,,
,,,,,,,,,,,,,,,,,,,,,,,,,,,,,
,,,,,,,,,,,,,,,,,,,,,,,,,,,,,
,,,,,,,,,,,,,,,,,,,,,,,,,,,,,
,,,,,,,,,,,,,,,,,,,,,,,,,,,,,
,,,,,,,,,,,,,,,,,,,,,,,,,,,,,
,,,,,,,,,,,,,,,,,,,,,,,,,,,,,
,,,,,,,,,,,,,,,,,,,,,,,,,,,,,
,,,,,,,,,,,,,,,,,,,,,,,,,,,,,
,,,,,,,,,,,,,,,,,,,,,,,,,,,,,
,,,,,,,,,,,,,,,,,,,,,,,,,,,,,
,,,,,,,,,,,,,,,,,,,,,,,,,,,,,
,,,,,,,,,,,,,,,,,,,,,,,,,,,,,
,,,,,,,,,,,,,,,,,,,,,,,,,,,,,
,,,,,,,,,,,,,,,,,,,,,,,,,,,,,
,,,,,,,,,,,,,,,,,,,,,,,,,,,,,
,,,,,,,,,,,,,,,,,,,,,,,,,,,,,
,,,,,,,,,,,,,,,,,,,,,,,,,,,,,
,,,,,,,,,,,,,,,,,,,,,,,,,,,,,
,,,,,,,,,,,,,,,,,,,,,,,,,,,,,
,,,,,,,,,,,,,,,,,,,,,,,,,,,,,
,,,,,,,,,,,,,,,,,,,,,,,,,,,,,
,,,,,,,,,,,,,,,,,,,,,,,,,,,,,
,,,,,,,,,,,,,,,,,,,,,,,,,,,,,
,,,,,,,,,,,,,,,,,,,,,,,,,,,,,
,,,,,,,,,,,,,,,,,,,,,,,,,,,,,
,,,,,,,,,,,,,,,,,,,,,,,,,,,,,
,,,,,,,,,,,,,,,,,,,,,,,,,,,,,
,,,,,,,,,,,,,,,,,,,,,,,,,,,,,
,,,,,,,,,,,,,,,,,,,,,,,,,,,,,
,,,,,,,,,,,,,,,,,,,,,,,,,,,,,
,,,,,,,,,,,,,,,,,,,,,,,,,,,,,
,,,,,,,,,,,,,,,,,,,,,,,,,,,,,
,,,,,,,,,,,,,,,,,,,,,,,,,,,,,
,,,,,,,,,,,,,,,,,,,,,,,,,,,,,
,,,,,,,,,,,,,,,,,,,,,,,,,,,,,
,,,,,,,,,,,,,,,,,,,,,,,,,,,,,
,,,,,,,,,,,,,,,,,,,,,,,,,,,,,
,,,,,,,,,,,,,,,,,,,,,,,,,,,,,
,,,,,,,,,,,,,,,,,,,,,,,,,,,,,
,,,,,,,,,,,,,,,,,,,,,,,,,,,,,
,,,,,,,,,,,,,,,,,,,,,,,,,,,,,
,,,,,,,,,,,,,,,,,,,,,,,,,,,,,
,,,,,,,,,,,,,,,,,,,,,,,,,,,,,
,,,,,,,,,,,,,,,,,,,,,,,,,,,,,
,,,,,,,,,,,,,,,,,,,,,,,,,,,,,
,,,,,,,,,,,,,,,,,,,,,,,,,,,,,
,,,,,,,,,,,,,,,,,,,,,,,,,,,,,
,,,,,,,,,,,,,,,,,,,,,,,,,,,,,
,,,,,,,,,,,,,,,,,,,,,,,,,,,,,
,,,,,,,,,,,,,,,,,,,,,,,,,,,,,
,,,,,,,,,,,,,,,,,,,,,,,,,,,,,
,,,,,,,,,,,,,,,,,,,,,,,,,,,,,
,,,,,,,,,,,,,,,,,,,,,,,,,,,,,
,,,,,,,,,,,,,,,,,,,,,,,,,,,,,
,,,,,,,,,,,,,,,,,,,,,,,,,,,,,
,,,,,,,,,,,,,,,,,,,,,,,,,,,,,
,,,,,,,,,,,,,,,,,,,,,,,,,,,,,
,,,,,,,,,,,,,,,,,,,,,,,,,,,,,
,,,,,,,,,,,,,,,,,,,,,,,,,,,,,
,,,,,,,,,,,,,,,,,,,,,,,,,,,,,
,,,,,,,,,,,,,,,,,,,,,,,,,,,,,
,,,,,,,,,,,,,,,,,,,,,,,,,,,,,
,,,,,,,,,,,,,,,,,,,,,,,,,,,,,
,,,,,,,,,,,,,,,,,,,,,,,,,,,,,
,,,,,,,,,,,,,,,,,,,,,,,,,,,,,
,,,,,,,,,,,,,,,,,,,,,,,,,,,,,
,,,,,,,,,,,,,,,,,,,,,,,,,,,,,
,,,,,,,,,,,,,,,,,,,,,,,,,,,,,
,,,,,,,,,,,,,,,,,,,,,,,,,,,,,
,,,,,,,,,,,,,,,,,,,,,,,,,,,,,
,,,,,,,,,,,,,,,,,,,,,,,,,,,,,
,,,,,,,,,,,,,,,,,,,,,,,,,,,,,
,,,,,,,,,,,,,,,,,,,,,,,,,,,,,
,,,,,,,,,,,,,,,,,,,,,,,,,,,,,
,,,,,,,,,,,,,,,,,,,,,,,,,,,,,
,,,,,,,,,,,,,,,,,,,,,,,,,,,,,
,,,,,,,,,,,,,,,,,,,,,,,,,,,,,
,,,,,,,,,,,,,,,,,,,,,,,,,,,,,
,,,,,,,,,,,,,,,,,,,,,,,,,,,,,
,,,,,,,,,,,,,,,,,,,,,,,,,,,,,
,,,,,,,,,,,,,,,,,,,,,,,,,,,,,
,,,,,,,,,,,,,,,,,,,,,,,,,,,,,
,,,,,,,,,,,,,,,,,,,,,,,,,,,,,
,,,,,,,,,,,,,,,,,,,,,,,,,,,,,
,,,,,,,,,,,,,,,,,,,,,,,,,,,,,
,,,,,,,,,,,,,,,,,,,,,,,,,,,,,
,,,,,,,,,,,,,,,,,,,,,,,,,,,,,
,,,,,,,,,,,,,,,,,,,,,,,,,,,,,
,,,,,,,,,,,,,,,,,,,,,,,,,,,,,
,,,,,,,,,,,,,,,,,,,,,,,,,,,,,
,,,,,,,,,,,,,,,,,,,,,,,,,,,,,
,,,,,,,,,,,,,,,,,,,,,,,,,,,,,
,,,,,,,,,,,,,,,,,,,,,,,,,,,,,
,,,,,,,,,,,,,,,,,,,,,,,,,,,,,
,,,,,,,,,,,,,,,,,,,,,,,,,,,,,
,,,,,,,,,,,,,,,,,,,,,,,,,,,,,
,,,,,,,,,,,,,,,,,,,,,,,,,,,,,
,,,,,,,,,,,,,,,,,,,,,,,,,,,,,
,,,,,,,,,,,,,,,,,,,,,,,,,,,,,
,,,,,,,,,,,,,,,,,,,,,,,,,,,,,
,,,,,,,,,,,,,,,,,,,,,,,,,,,,,
,,,,,,,,,,,,,,,,,,,,,,,,,,,,,
,,,,,,,,,,,,,,,,,,,,,,,,,,,,,
,,,,,,,,,,,,,,,,,,,,,,,,,,,,,
,,,,,,,,,,,,,,,,,,,,,,,,,,,,,
,,,,,,,,,,,,,,,,,,,,,,,,,,,,,
,,,,,,,,,,,,,,,,,,,,,,,,,,,,,
,,,,,,,,,,,,,,,,,,,,,,,,,,,,,
,,,,,,,,,,,,,,,,,,,,,,,,,,,,,
,,,,,,,,,,,,,,,,,,,,,,,,,,,,,
,,,,,,,,,,,,,,,,,,,,,,,,,,,,,
,,,,,,,,,,,,,,,,,,,,,,,,,,,,,
,,,,,,,,,,,,,,,,,,,,,,,,,,,,,
,,,,,,,,,,,,,,,,,,,,,,,,,,,,,
,,,,,,,,,,,,,,,,,,,,,,,,,,,,,
,,,,,,,,,,,,,,,,,,,,,,,,,,,,,
,,,,,,,,,,,,,,,,,,,,,,,,,,,,,
,,,,,,,,,,,,,,,,,,,,,,,,,,,,,
,,,,,,,,,,,,,,,,,,,,,,,,,,,,,
,,,,,,,,,,,,,,,,,,,,,,,,,,,,,
,,,,,,,,,,,,,,,,,,,,,,,,,,,,,
,,,,,,,,,,,,,,,,,,,,,,,,,,,,,
,,,,,,,,,,,,,,,,,,,,,,,,,,,,,
,,,,,,,,,,,,,,,,,,,,,,,,,,,,,
,,,,,,,,,,,,,,,,,,,,,,,,,,,,,
,,,,,,,,,,,,,,,,,,,,,,,,,,,,,
,,,,,,,,,,,,,,,,,,,,,,,,,,,,,
,,,,,,,,,,,,,,,,,,,,,,,,,,,,,
,,,,,,,,,,,,,,,,,,,,,,,,,,,,,
,,,,,,,,,,,,,,,,,,,,,,,,,,,,,
,,,,,,,,,,,,,,,,,,,,,,,,,,,,,
,,,,,,,,,,,,,,,,,,,,,,,,,,,,,
,,,,,,,,,,,,,,,,,,,,,,,,,,,,,
,,,,,,,,,,,,,,,,,,,,,,,,,,,,,
,,,,,,,,,,,,,,,,,,,,,,,,,,,,,
,,,,,,,,,,,,,,,,,,,,,,,,,,,,,
,,,,,,,,,,,,,,,,,,,,,,,,,,,,,
,,,,,,,,,,,,,,,,,,,,,,,,,,,,,
,,,,,,,,,,,,,,,,,,,,,,,,,,,,,
,,,,,,,,,,,,,,,,,,,,,,,,,,,,,
,,,,,,,,,,,,,,,,,,,,,,,,,,,,,
,,,,,,,,,,,,,,,,,,,,,,,,,,,,,
,,,,,,,,,,,,,,,,,,,,,,,,,,,,,
,,,,,,,,,,,,,,,,,,,,,,,,,,,,,
,,,,,,,,,,,,,,,,,,,,,,,,,,,,,
,,,,,,,,,,,,,,,,,,,,,,,,,,,,,
,,,,,,,,,,,,,,,,,,,,,,,,,,,,,
,,,,,,,,,,,,,,,,,,,,,,,,,,,,,
,,,,,,,,,,,,,,,,,,,,,,,,,,,,,
,,,,,,,,,,,,,,,,,,,,,,,,,,,,,
,,,,,,,,,,,,,,,,,,,,,,,,,,,,,
,,,,,,,,,,,,,,,,,,,,,,,,,,,,,
,,,,,,,,,,,,,,,,,,,,,,,,,,,,,
,,,,,,,,,,,,,,,,,,,,,,,,,,,,,
,,,,,,,,,,,,,,,,,,,,,,,,,,,,,
,,,,,,,,,,,,,,,,,,,,,,,,,,,,,
,,,,,,,,,,,,,,,,,,,,,,,,,,,,,
,,,,,,,,,,,,,,,,,,,,,,,,,,,,,
,,,,,,,,,,,,,,,,,,,,,,,,,,,,,
,,,,,,,,,,,,,,,,,,,,,,,,,,,,,
,,,,,,,,,,,,,,,,,,,,,,,,,,,,,
,,,,,,,,,,,,,,,,,,,,,,,,,,,,,
,,,,,,,,,,,,,,,,,,,,,,,,,,,,,
,,,,,,,,,,,,,,,,,,,,,,,,,,,,,
,,,,,,,,,,,,,,,,,,,,,,,,,,,,,
,,,,,,,,,,,,,,,,,,,,,,,,,,,,,
,,,,,,,,,,,,,,,,,,,,,,,,,,,,,
,,,,,,,,,,,,,,,,,,,,,,,,,,,,,
,,,,,,,,,,,,,,,,,,,,,,,,,,,,,
,,,,,,,,,,,,,,,,,,,,,,,,,,,,,
,,,,,,,,,,,,,,,,,,,,,,,,,,,,,
,,,,,,,,,,,,,,,,,,,,,,,,,,,,,
,,,,,,,,,,,,,,,,,,,,,,,,,,,,,
,,,,,,,,,,,,,,,,,,,,,,,,,,,,,
,,,,,,,,,,,,,,,,,,,,,,,,,,,,,
,,,,,,,,,,,,,,,,,,,,,,,,,,,,,
,,,,,,,,,,,,,,,,,,,,,,,,,,,,,
,,,,,,,,,,,,,,,,,,,,,,,,,,,,,
,,,,,,,,,,,,,,,,,,,,,,,,,,,,,
,,,,,,,,,,,,,,,,,,,,,,,,,,,,,
,,,,,,,,,,,,,,,,,,,,,,,,,,,,,
,,,,,,,,,,,,,,,,,,,,,,,,,,,,,
,,,,,,,,,,,,,,,,,,,,,,,,,,,,,
,,,,,,,,,,,,,,,,,,,,,,,,,,,,,
,,,,,,,,,,,,,,,,,,,,,,,,,,,,,
,,,,,,,,,,,,,,,,,,,,,,,,,,,,,
,,,,,,,,,,,,,,,,,,,,,,,,,,,,,
,,,,,,,,,,,,,,,,,,,,,,,,,,,,,
,,,,,,,,,,,,,,,,,,,,,,,,,,,,,
,,,,,,,,,,,,,,,,,,,,,,,,,,,,,
,,,,,,,,,,,,,,,,,,,,,,,,,,,,,
,,,,,,,,,,,,,,,,,,,,,,,,,,,,,
,,,,,,,,,,,,,,,,,,,,,,,,,,,,,
,,,,,,,,,,,,,,,,,,,,,,,,,,,,,
,,,,,,,,,,,,,,,,,,,,,,,,,,,,,
,,,,,,,,,,,,,,,,,,,,,,,,,,,,,
,,,,,,,,,,,,,,,,,,,,,,,,,,,,,
,,,,,,,,,,,,,,,,,,,,,,,,,,,,,
,,,,,,,,,,,,,,,,,,,,,,,,,,,,,
,,,,,,,,,,,,,,,,,,,,,,,,,,,,,
,,,,,,,,,,,,,,,,,,,,,,,,,,,,,
,,,,,,,,,,,,,,,,,,,,,,,,,,,,,
,,,,,,,,,,,,,,,,,,,,,,,,,,,,,
,,,,,,,,,,,,,,,,,,,,,,,,,,,,,
,,,,,,,,,,,,,,,,,,,,,,,,,,,,,
,,,,,,,,,,,,,,,,,,,,,,,,,,,,,
,,,,,,,,,,,,,,,,,,,,,,,,,,,,,
,,,,,,,,,,,,,,,,,,,,,,,,,,,,,
,,,,,,,,,,,,,,,,,,,,,,,,,,,,,
,,,,,,,,,,,,,,,,,,,,,,,,,,,,,
,,,,,,,,,,,,,,,,,,,,,,,,,,,,,
,,,,,,,,,,,,,,,,,,,,,,,,,,,,,
,,,,,,,,,,,,,,,,,,,,,,,,,,,,,
,,,,,,,,,,,,,,,,,,,,,,,,,,,,,
,,,,,,,,,,,,,,,,,,,,,,,,,,,,,
,,,,,,,,,,,,,,,,,,,,,,,,,,,,,
,,,,,,,,,,,,,,,,,,,,,,,,,,,,,
,,,,,,,,,,,,,,,,,,,,,,,,,,,,,
,,,,,,,,,,,,,,,,,,,,,,,,,,,,,
,,,,,,,,,,,,,,,,,,,,,,,,,,,,,
,,,,,,,,,,,,,,,,,,,,,,,,,,,,,
,,,,,,,,,,,,,,,,,,,,,,,,,,,,,
,,,,,,,,,,,,,,,,,,,,,,,,,,,,,
,,,,,,,,,,,,,,,,,,,,,,,,,,,,,
,,,,,,,,,,,,,,,,,,,,,,,,,,,,,
,,,,,,,,,,,,,,,,,,,,,,,,,,,,,
,,,,,,,,,,,,,,,,,,,,,,,,,,,,,
,,,,,,,,,,,,,,,,,,,,,,,,,,,,,
,,,,,,,,,,,,,,,,,,,,,,,,,,,,,
,,,,,,,,,,,,,,,,,,,,,,,,,,,,,
,,,,,,,,,,,,,,,,,,,,,,,,,,,,,
,,,,,,,,,,,,,,,,,,,,,,,,,,,,,
,,,,,,,,,,,,,,,,,,,,,,,,,,,,,
,,,,,,,,,,,,,,,,,,,,,,,,,,,,,
,,,,,,,,,,,,,,,,,,,,,,,,,,,,,
,,,,,,,,,,,,,,,,,,,,,,,,,,,,,
,,,,,,,,,,,,,,,,,,,,,,,,,,,,,
,,,,,,,,,,,,,,,,,,,,,,,,,,,,,
,,,,,,,,,,,,,,,,,,,,,,,,,,,,,
,,,,,,,,,,,,,,,,,,,,,,,,,,,,,
,,,,,,,,,,,,,,,,,,,,,,,,,,,,,
,,,,,,,,,,,,,,,,,,,,,,,,,,,,,
,,,,,,,,,,,,,,,,,,,,,,,,,,,,,
,,,,,,,,,,,,,,,,,,,,,,,,,,,,,
,,,,,,,,,,,,,,,,,,,,,,,,,,,,,
,,,,,,,,,,,,,,,,,,,,,,,,,,,,,
,,,,,,,,,,,,,,,,,,,,,,,,,,,,,
,,,,,,,,,,,,,,,,,,,,,,,,,,,,,
,,,,,,,,,,,,,,,,,,,,,,,,,,,,,
,,,,,,,,,,,,,,,,,,,,,,,,,,,,,
,,,,,,,,,,,,,,,,,,,,,,,,,,,,,
,,,,,,,,,,,,,,,,,,,,,,,,,,,,,
,,,,,,,,,,,,,,,,,,,,,,,,,,,,,
,,,,,,,,,,,,,,,,,,,,,,,,,,,,,
,,,,,,,,,,,,,,,,,,,,,,,,,,,,,
,,,,,,,,,,,,,,,,,,,,,,,,,,,,,
,,,,,,,,,,,,,,,,,,,,,,,,,,,,,
,,,,,,,,,,,,,,,,,,,,,,,,,,,,,
,,,,,,,,,,,,,,,,,,,,,,,,,,,,,
,,,,,,,,,,,,,,,,,,,,,,,,,,,,,
,,,,,,,,,,,,,,,,,,,,,,,,,,,,,
,,,,,,,,,,,,,,,,,,,,,,,,,,,,,
,,,,,,,,,,,,,,,,,,,,,,,,,,,,,
,,,,,,,,,,,,,,,,,,,,,,,,,,,,,
,,,,,,,,,,,,,,,,,,,,,,,,,,,,,
,,,,,,,,,,,,,,,,,,,,,,,,,,,,,
,,,,,,,,,,,,,,,,,,,,,,,,,,,,,
,,,,,,,,,,,,,,,,,,,,,,,,,,,,,
,,,,,,,,,,,,,,,,,,,,,,,,,,,,,
,,,,,,,,,,,,,,,,,,,,,,,,,,,,,
,,,,,,,,,,,,,,,,,,,,,,,,,,,,,
,,,,,,,,,,,,,,,,,,,,,,,,,,,,,
,,,,,,,,,,,,,,,,,,,,,,,,,,,,,
,,,,,,,,,,,,,,,,,,,,,,,,,,,,,
,,,,,,,,,,,,,,,,,,,,,,,,,,,,,
,,,,,,,,,,,,,,,,,,,,,,,,,,,,,
,,,,,,,,,,,,,,,,,,,,,,,,,,,,,
,,,,,,,,,,,,,,,,,,,,,,,,,,,,,
,,,,,,,,,,,,,,,,,,,,,,,,,,,,,
,,,,,,,,,,,,,,,,,,,,,,,,,,,,,
,,,,,,,,,,,,,,,,,,,,,,,,,,,,,
,,,,,,,,,,,,,,,,,,,,,,,,,,,,,
,,,,,,,,,,,,,,,,,,,,,,,,,,,,,
,,,,,,,,,,,,,,,,,,,,,,,,,,,,,
,,,,,,,,,,,,,,,,,,,,,,,,,,,,,
,,,,,,,,,,,,,,,,,,,,,,,,,,,,,
,,,,,,,,,,,,,,,,,,,,,,,,,,,,,
,,,,,,,,,,,,,,,,,,,,,,,,,,,,,
,,,,,,,,,,,,,,,,,,,,,,,,,,,,,
,,,,,,,,,,,,,,,,,,,,,,,,,,,,,
,,,,,,,,,,,,,,,,,,,,,,,,,,,,,
,,,,,,,,,,,,,,,,,,,,,,,,,,,,,
,,,,,,,,,,,,,,,,,,,,,,,,,,,,,
,,,,,,,,,,,,,,,,,,,,,,,,,,,,,
,,,,,,,,,,,,,,,,,,,,,,,,,,,,,
,,,,,,,,,,,,,,,,,,,,,,,,,,,,,
,,,,,,,,,,,,,,,,,,,,,,,,,,,,,
,,,,,,,,,,,,,,,,,,,,,,,,,,,,,
,,,,,,,,,,,,,,,,,,,,,,,,,,,,,
,,,,,,,,,,,,,,,,,,,,,,,,,,,,,
,,,,,,,,,,,,,,,,,,,,,,,,,,,,,
,,,,,,,,,,,,,,,,,,,,,,,,,,,,,
,,,,,,,,,,,,,,,,,,,,,,,,,,,,,
,,,,,,,,,,,,,,,,,,,,,,,,,,,,,
,,,,,,,,,,,,,,,,,,,,,,,,,,,,,
,,,,,,,,,,,,,,,,,,,,,,,,,,,,,
,,,,,,,,,,,,,,,,,,,,,,,,,,,,,
,,,,,,,,,,,,,,,,,,,,,,,,,,,,,
,,,,,,,,,,,,,,,,,,,,,,,,,,,,,
,,,,,,,,,,,,,,,,,,,,,,,,,,,,,
,,,,,,,,,,,,,,,,,,,,,,,,,,,,,
,,,,,,,,,,,,,,,,,,,,,,,,,,,,,
,,,,,,,,,,,,,,,,,,,,,,,,,,,,,
,,,,,,,,,,,,,,,,,,,,,,,,,,,,,
,,,,,,,,,,,,,,,,,,,,,,,,,,,,,
,,,,,,,,,,,,,,,,,,,,,,,,,,,,,
,,,,,,,,,,,,,,,,,,,,,,,,,,,,,
,,,,,,,,,,,,,,,,,,,,,,,,,,,,,
,,,,,,,,,,,,,,,,,,,,,,,,,,,,,
,,,,,,,,,,,,,,,,,,,,,,,,,,,,,
,,,,,,,,,,,,,,,,,,,,,,,,,,,,,
,,,,,,,,,,,,,,,,,,,,,,,,,,,,,
,,,,,,,,,,,,,,,,,,,,,,,,,,,,,
,,,,,,,,,,,,,,,,,,,,,,,,,,,,,
,,,,,,,,,,,,,,,,,,,,,,,,,,,,,
,,,,,,,,,,,,,,,,,,,,,,,,,,,,,
,,,,,,,,,,,,,,,,,,,,,,,,,,,,,
,,,,,,,,,,,,,,,,,,,,,,,,,,,,,
,,,,,,,,,,,,,,,,,,,,,,,,,,,,,
,,,,,,,,,,,,,,,,,,,,,,,,,,,,,
,,,,,,,,,,,,,,,,,,,,,,,,,,,,,
,,,,,,,,,,,,,,,,,,,,,,,,,,,,,
,,,,,,,,,,,,,,,,,,,,,,,,,,,,,
,,,,,,,,,,,,,,,,,,,,,,,,,,,,,
,,,,,,,,,,,,,,,,,,,,,,,,,,,,,
,,,,,,,,,,,,,,,,,,,,,,,,,,,,,
,,,,,,,,,,,,,,,,,,,,,,,,,,,,,
,,,,,,,,,,,,,,,,,,,,,,,,,,,,,
,,,,,,,,,,,,,,,,,,,,,,,,,,,,,
,,,,,,,,,,,,,,,,,,,,,,,,,,,,,
,,,,,,,,,,,,,,,,,,,,,,,,,,,,,
,,,,,,,,,,,,,,,,,,,,,,,,,,,,,
,,,,,,,,,,,,,,,,,,,,,,,,,,,,,
,,,,,,,,,,,,,,,,,,,,,,,,,,,,,
,,,,,,,,,,,,,,,,,,,,,,,,,,,,,
,,,,,,,,,,,,,,,,,,,,,,,,,,,,,
,,,,,,,,,,,,,,,,,,,,,,,,,,,,,
,,,,,,,,,,,,,,,,,,,,,,,,,,,,,
,,,,,,,,,,,,,,,,,,,,,,,,,,,,,
,,,,,,,,,,,,,,,,,,,,,,,,,,,,,
,,,,,,,,,,,,,,,,,,,,,,,,,,,,,
,,,,,,,,,,,,,,,,,,,,,,,,,,,,,
,,,,,,,,,,,,,,,,,,,,,,,,,,,,,
,,,,,,,,,,,,,,,,,,,,,,,,,,,,,
,,,,,,,,,,,,,,,,,,,,,,,,,,,,,
,,,,,,,,,,,,,,,,,,,,,,,,,,,,,
,,,,,,,,,,,,,,,,,,,,,,,,,,,,,
,,,,,,,,,,,,,,,,,,,,,,,,,,,,,
,,,,,,,,,,,,,,,,,,,,,,,,,,,,,
,,,,,,,,,,,,,,,,,,,,,,,,,,,,,
,,,,,,,,,,,,,,,,,,,,,,,,,,,,,
,,,,,,,,,,,,,,,,,,,,,,,,,,,,,
,,,,,,,,,,,,,,,,,,,,,,,,,,,,,
,,,,,,,,,,,,,,,,,,,,,,,,,,,,,
,,,,,,,,,,,,,,,,,,,,,,,,,,,,,
,,,,,,,,,,,,,,,,,,,,,,,,,,,,,
,,,,,,,,,,,,,,,,,,,,,,,,,,,,,
,,,,,,,,,,,,,,,,,,,,,,,,,,,,,
,,,,,,,,,,,,,,,,,,,,,,,,,,,,,
,,,,,,,,,,,,,,,,,,,,,,,,,,,,,
,,,,,,,,,,,,,,,,,,,,,,,,,,,,,
,,,,,,,,,,,,,,,,,,,,,,,,,,,,,
,,,,,,,,,,,,,,,,,,,,,,,,,,,,,
,,,,,,,,,,,,,,,,,,,,,,,,,,,,,
,,,,,,,,,,,,,,,,,,,,,,,,,,,,,
,,,,,,,,,,,,,,,,,,,,,,,,,,,,,
,,,,,,,,,,,,,,,,,,,,,,,,,,,,,
,,,,,,,,,,,,,,,,,,,,,,,,,,,,,
,,,,,,,,,,,,,,,,,,,,,,,,,,,,,
,,,,,,,,,,,,,,,,,,,,,,,,,,,,,
,,,,,,,,,,,,,,,,,,,,,,,,,,,,,
,,,,,,,,,,,,,,,,,,,,,,,,,,,,,
,,,,,,,,,,,,,,,,,,,,,,,,,,,,,
,,,,,,,,,,,,,,,,,,,,,,,,,,,,,
,,,,,,,,,,,,,,,,,,,,,,,,,,,,,
,,,,,,,,,,,,,,,,,,,,,,,,,,,,,
,,,,,,,,,,,,,,,,,,,,,,,,,,,,,
,,,,,,,,,,,,,,,,,,,,,,,,,,,,,
,,,,,,,,,,,,,,,,,,,,,,,,,,,,,
,,,,,,,,,,,,,,,,,,,,,,,,,,,,,
,,,,,,,,,,,,,,,,,,,,,,,,,,,,,
,,,,,,,,,,,,,,,,,,,,,,,,,,,,,
,,,,,,,,,,,,,,,,,,,,,,,,,,,,,
,,,,,,,,,,,,,,,,,,,,,,,,,,,,,
,,,,,,,,,,,,,,,,,,,,,,,,,,,,,
,,,,,,,,,,,,,,,,,,,,,,,,,,,,,
,,,,,,,,,,,,,,,,,,,,,,,,,,,,,
,,,,,,,,,,,,,,,,,,,,,,,,,,,,,
,,,,,,,,,,,,,,,,,,,,,,,,,,,,,
,,,,,,,,,,,,,,,,,,,,,,,,,,,,,
,,,,,,,,,,,,,,,,,,,,,,,,,,,,,
,,,,,,,,,,,,,,,,,,,,,,,,,,,,,
,,,,,,,,,,,,,,,,,,,,,,,,,,,,,
,,,,,,,,,,,,,,,,,,,,,,,,,,,,,
,,,,,,,,,,,,,,,,,,,,,,,,,,,,,
,,,,,,,,,,,,,,,,,,,,,,,,,,,,,
,,,,,,,,,,,,,,,,,,,,,,,,,,,,,
,,,,,,,,,,,,,,,,,,,,,,,,,,,,,
,,,,,,,,,,,,,,,,,,,,,,,,,,,,,
,,,,,,,,,,,,,,,,,,,,,,,,,,,,,
,,,,,,,,,,,,,,,,,,,,,,,,,,,,,
,,,,,,,,,,,,,,,,,,,,,,,,,,,,,
,,,,,,,,,,,,,,,,,,,,,,,,,,,,,
,,,,,,,,,,,,,,,,,,,,,,,,,,,,,
,,,,,,,,,,,,,,,,,,,,,,,,,,,,,
,,,,,,,,,,,,,,,,,,,,,,,,,,,,,
,,,,,,,,,,,,,,,,,,,,,,,,,,,,,
,,,,,,,,,,,,,,,,,,,,,,,,,,,,,
,,,,,,,,,,,,,,,,,,,,,,,,,,,,,
,,,,,,,,,,,,,,,,,,,,,,,,,,,,,
,,,,,,,,,,,,,,,,,,,,,,,,,,,,,
,,,,,,,,,,,,,,,,,,,,,,,,,,,,,
,,,,,,,,,,,,,,,,,,,,,,,,,,,,,
,,,,,,,,,,,,,,,,,,,,,,,,,,,,,
,,,,,,,,,,,,,,,,,,,,,,,,,,,,,
,,,,,,,,,,,,,,,,,,,,,,,,,,,,,
,,,,,,,,,,,,,,,,,,,,,,,,,,,,,
,,,,,,,,,,,,,,,,,,,,,,,,,,,,,
,,,,,,,,,,,,,,,,,,,,,,,,,,,,,
,,,,,,,,,,,,,,,,,,,,,,,,,,,,,
,,,,,,,,,,,,,,,,,,,,,,,,,,,,,
,,,,,,,,,,,,,,,,,,,,,,,,,,,,,
,,,,,,,,,,,,,,,,,,,,,,,,,,,,,
,,,,,,,,,,,,,,,,,,,,,,,,,,,,,
,,,,,,,,,,,,,,,,,,,,,,,,,,,,,
,,,,,,,,,,,,,,,,,,,,,,,,,,,,,
,,,,,,,,,,,,,,,,,,,,,,,,,,,,,
,,,,,,,,,,,,,,,,,,,,,,,,,,,,,
,,,,,,,,,,,,,,,,,,,,,,,,,,,,,
,,,,,,,,,,,,,,,,,,,,,,,,,,,,,
,,,,,,,,,,,,,,,,,,,,,,,,,,,,,
,,,,,,,,,,,,,,,,,,,,,,,,,,,,,
,,,,,,,,,,,,,,,,,,,,,,,,,,,,,
,,,,,,,,,,,,,,,,,,,,,,,,,,,,,
,,,,,,,,,,,,,,,,,,,,,,,,,,,,,
,,,,,,,,,,,,,,,,,,,,,,,,,,,,,
,,,,,,,,,,,,,,,,,,,,,,,,,,,,,
,,,,,,,,,,,,,,,,,,,,,,,,,,,,,
,,,,,,,,,,,,,,,,,,,,,,,,,,,,,
,,,,,,,,,,,,,,,,,,,,,,,,,,,,,
,,,,,,,,,,,,,,,,,,,,,,,,,,,,,
,,,,,,,,,,,,,,,,,,,,,,,,,,,,,
,,,,,,,,,,,,,,,,,,,,,,,,,,,,,
,,,,,,,,,,,,,,,,,,,,,,,,,,,,,
,,,,,,,,,,,,,,,,,,,,,,,,,,,,,
,,,,,,,,,,,,,,,,,,,,,,,,,,,,,
,,,,,,,,,,,,,,,,,,,,,,,,,,,,,
,,,,,,,,,,,,,,,,,,,,,,,,,,,,,
,,,,,,,,,,,,,,,,,,,,,,,,,,,,,
,,,,,,,,,,,,,,,,,,,,,,,,,,,,,
,,,,,,,,,,,,,,,,,,,,,,,,,,,,,
,,,,,,,,,,,,,,,,,,,,,,,,,,,,,
,,,,,,,,,,,,,,,,,,,,,,,,,,,,,
,,,,,,,,,,,,,,,,,,,,,,,,,,,,,
,,,,,,,,,,,,,,,,,,,,,,,,,,,,,
,,,,,,,,,,,,,,,,,,,,,,,,,,,,,
,,,,,,,,,,,,,,,,,,,,,,,,,,,,,
,,,,,,,,,,,,,,,,,,,,,,,,,,,,,
,,,,,,,,,,,,,,,,,,,,,,,,,,,,,
,,,,,,,,,,,,,,,,,,,,,,,,,,,,,